Пиво,Бiрмiкс Бекс Грiн Лемон з лимонним смаком 0.5л,32.7
Настоянки,Бальзам Riga Black Balsam зі смаком чорної смородин 30% 0.7л,438.9
Бренді,Бренді Ararat Ani вірменський 40% 0.7л,699.0
Бренді,Бренді Ducastaing Арманьяк VS 40% 0.7л,699.0
Бренді,Бренді Napoleon Chevalier Royal 5 років 36% 0.7л,329.91
Бренді,Бренді Old Kakheti 3 роки грузинський 40% 0.5л,233.89
Бренді,Бренді Old Kakheti 4 роки грузинський 40% 0.5л,263.89
Бренді,Бренді Old Kakheti 5 років грузинський 40% 0.5л,257.9
Бренді,Бренді Old Kakheti 7 років грузинський 40% 0.5л,375.9
Бренді,Бренді Shabo X.O. 12 виноградний витриманий 40% 0.5л,405.9
Бренді,Бренді Shabo Y.P Classic 40% 0.250л,81.5
Бренді,Бренді Shabo Y.P Shabsky Classic виноградний 40% 0.5л,161.9
Бренді,Бренді Shabo Х.О. 7 зірок 40% 0.5л,229.9
Бренді,Бренді St-Rémy Authentic VSOP 40% 0.7л,492.9
Бренді,Бренді Torres Reserva Imperial 10YO 38% 0.7л,529.0
Сир,Сир Bellezza Моцарелла м`який 45% 125г,44.9
"Макаронні вироби",Локшина Metro Chef соба 1.05кг,89.9
"Сир кисломолочний",Сир кисломолочний Metro Chef 9% 350г,47.8
"Курка та інша птиця",Філе індика Натурвіль охолоджене вагове,244.9
Бренді,Бренді Таїрово XD Premium 37% 500мл,151.91
Віскі,Бурбон Stars&Stripes 40% 0.7л,369.0
Вино,Верментіно Frontini біле сухе 0.75л,155.9
Вино,Вермут Martini Bianco білий десертний 15% 1л,327.9
Вино,Вермут Rioba Di Torino Rosso червоний 1л,179.9
Вино,Вермут Rioba білий 16% 1л,209.0
Вино,Винний напій Bon Voyage Cabernet Sauvign черв сух 0.5% 0.75л,190.38
Вино,Винний напій Bon Voyage Chardonnay білий сухий 0.5% 0.75л,190.38
"Ігристі вина",Винний напій Corte Viola Fragolino Rosso напівсол 8.5% 0.75л,109.8
"Ігристі вина",Винний напій Fiorelli Fragolino Bianco ігристий 7% 0.75л,158.9
"Ігристі вина",Винний напій Fiorelli Fragolino Pesca білий ігрист 7% 0.75л,158.9
Вино,Винний напій Rucio SANGRIA червоний напівсолодкий 7% 1.5л,167.0
Вино,Вино A.Dartois Венту Терре Амбре червоне сухе 0.75л,265.0
Вино,Вино Alte Rocche Bianche Gavi біле сухе 12% 0.75л,369.0
Вино,Вино André Vonnier Beaujolais Villages черв сухе 12.5% 0.75л,282.9
Сир,Сир Bellezza Моцарелла м`який 45% 125г,44.9
"Макаронні вироби",Локшина Metro Chef соба 1.05кг,89.9
"Сир кисломолочний",Сир кисломолочний Metro Chef 9% 350г,47.8
"Курка та інша птиця",Філе індика Натурвіль охолоджене вагове,244.9
Вино,Вино Armand Dartois Cotes du Rhone AC черв сухе 13.5% 0.75л,229.9
Вино,Вино Armand Dartois Cotes du Rhone Villages черв 13.5% 0.75л,309.9
Вино,Вино Armand Dartois Tavel Les Mésillons рожев сухе 13% 0.75л,299.91
Вино,Вино Bajac Mondazillac біле солодке 12.5% 0.75л,409.0
Вино,Вино Basavin Muscat біле напівсолодке 11% 0.75л,91.9
Вино,Вино Basavin Muscat біле напівсолодке 11.5% 3л,275.9
Вино,Вино Basavin Sauvignon біле сухе 11% 0.75л,91.9
Вино,Вино Batuta Airen біле сухе 12% 0.75л,103.9
Вино,Вино Batuta Rosado рожеве сухе 12% 0.75л,103.9
Вино,Вино Borgobruno Toscana Blanco біле напівсухе 12.5% 0.75л,209.9
Вино,Вино Borgobruno Toscana Rosato рожеве напівсухе 12.5% 0.75л,209.9
Вино,Вино Borgobruno Toscana Rosso червоне напівсухе 13.5% 0.75л,209.9
Вино,Вино Ca` Ernesto Pinot Grigio біле сухе 11.5%0.75л,158.9
Вино,Вино Camino de Castilla Cigales рожеве сухе 13% 0.75л,184.91
Вино,Вино Camino de Castilla Reserva червоне сухе 14% 0.75л,399.9
Сир,Сир Bellezza Моцарелла м`який 45% 125г,44.9
"Макаронні вироби",Локшина Metro Chef соба 1.05кг,89.9
"Сир кисломолочний",Сир кисломолочний Metro Chef 9% 350г,47.8
"Курка та інша птиця",Філе індика Натурвіль охолоджене вагове,244.9
Вино,Вино Camino de Castilla Ribera del Duero Crianza 14% 0.75л,289.9
Вино,Вино Capeography Мальбек червоне сухе 14.5% 0.75л,229.9
Вино,Вино Casa Di Luigi Kosher Carmenere 13.0% 0.75л,189.89
Вино,Вино Cde Manza Кріанза червоне сухе 0.75л,189.0
Вино,Вино Cde Manza Резер червоне сухе 0.75л,219.0
Вино,Вино Central Creek Colombard Chardonnay біле сухе 12% 0.75л,179.9
Вино,Вино Central Creek Shiraz Cabernet Sauvignon черв 13.5%0.75л,179.9
Вино,Вино Cerro de la Cruz BiB Blanco Seco біле сухе 11% 5л,429.0
Вино,Вино Cerro de la Cruz BiB Tinto Seco червоне сухе 11% 5л,429.0
Вино,Вино Cerro de la Cruz Blanco Seco біле сухе 11% 0.75л,89.9
Вино,Вино Cerro de la Cruz Rosado рожеве сухе 11% 0.75л,89.9
Вино,Вино Chapoutier Cotes du Rhone Red by Chapoutier 14% 0.75л,399.9
Вино,Вино Chapoutier Cotes du Rhone White біле сухе 14% 0.75л,459.01
Вино,Вино Château Haut Terrasson червоне сухе 12.5% 0.75л,264.9
Вино,Вино Château Lamothe чевоне сухе 14.5% 0.75л,276.0
Сир,Сир Bellezza Моцарелла м`який 45% 125г,44.9
"Макаронні вироби",Локшина Metro Chef соба 1.05кг,89.9
"Сир кисломолочний",Сир кисломолочний Metro Chef 9% 350г,47.8
"Курка та інша птиця",Філе індика Натурвіль охолоджене вагове,244.9
Вино,Вино Chateau Les Templiers Lalande-de-Pomerol черв 13% 0.75л,579.9
Вино,Вино Chateauneuf-du-Pape Clos de L`Oratoire 14.5% 0.75л,1.0
Вино,Вино Château Sainte-Jeanne Corbieres червоне сухе 13% 0.75л,369.0
Вино,Вино Cotes du Rhone A.Dartois червоне сухе 0.375л,145.9
Вино,Вино Cuvee Prestige Vacera червоне сухе 15% 0.75л,545.0
Вино,Вино Discovery Bay Шардоне біле напівсухе 16% 0.75л,199.9
Вино,Вино Edition Terroir Riesling Kalkstein біле н/с 12.5% 0.75л,299.91
Вино,Вино Edition Terroir біле напівсолодке 12% 0.75л,299.91
Вино,Вино El Bar Malbec Mendoza рожеве сухе 12% 0.75л,249.0
Вино,Вино El Bar Malbec Mendoza червоне сухе 12% 0.75л,249.0
Вино,Вино El bar Mendoza Chardonnay біле сухе 12% 0.75л,249.0
Вино,Вино Emile Durand Bourgogne Chardonnay біле сухе 13% 075л,359.0
Вино,Вино Emile Durand Bourgogne Pinot Noir черв сухе 12.5%0.75л,559.0
Вино,Вино Emile Durand Chablis 1-er CRU біле сухе 12.5% 0.75л,799.0
Вино,Вино Fantini Pinot Grigio біле сухе 9% 0.75л,330.9
Сир,Сир Bellezza Моцарелла м`який 45% 125г,44.9
"Макаронні вироби",Локшина Metro Chef соба 1.05кг,89.9
"Сир кисломолочний",Сир кисломолочний Metro Chef 9% 350г,47.8
"Курка та інша птиця",Філе індика Натурвіль охолоджене вагове,244.9
Вино,Вино Fantini Primi Bianco біле сухе 12.5% 0.75л,399.9
Вино,Вино Fantini Primi Tivo червоне напівсухе 13.5% 0.75л,399.9
Вино,Вино Fonte Frontini Enoitalia Nero d`Avola чер сух 13% 0.75л,151.0
Вино,Вино French Life Carignan-Syrah червон напівсухе 12.5% 0.75л,189.89
Вино,Вино French Life Grenache-Merlot сухе рожеве 12.5% 0.75л,189.89
Вино,Вино French Life Muscat-Viognier біле сухе 11.5% 0.75л,189.89
Вино,Вино Gigondas Cuvee Prestige червоне сухе 13.5% 0.75л,809.0
Вино,Вино Green Cape Sauvignon-Chenin Blanc біле сухе 12.5% 0.75л,159.89
Вино,Вино Green Cape Пінотаж 14% 0.7л,159.89
Вино,Вино Henri Weber Gewurztraminer біле напівсухе 12% 0.7л,347.9
Вино,Вино Henri Weber Pinot Gris біле сухе 12% 0.75л,288.91
Вино,Вино Henri Weber Pinot Noir червоне сухе 12% 0.75л,339.0
Вино,Вино Henri Weber Riesling біле сухе 12% 0.75л,289.01
"Ігристі вина",Вино I Am Prosecco ігристе біле сухе 0.2л,129.91
Вино,Вино IL Carpino Orvieto Clasico DOC біле сухе 12.5% 0.75л,155.9
Сир,Сир Bellezza Моцарелла м`який 45% 125г,44.9
"Макаронні вироби",Локшина Metro Chef соба 1.05кг,89.9
"Сир кисломолочний",Сир кисломолочний Metro Chef 9% 350г,47.8
"Курка та інша птиця",Філе індика Натурвіль охолоджене вагове,244.9
Вино,Вино IL Gran Paese Vino Rosso червоне напівсухе 10.5% 5л,529.0
Вино,Вино IL Pozzo Barbaresco червоне сухе 13.5% 0.75л,509.0
Вино,Вино Il Pozzo Barbera D`Asti червоне сухе 13% 0.75л,189.89
Вино,Вино IL Pozzo Barolo червоне сухе 14% 0.75л,643.0
Вино,Вино IL Pozzo Gavi Del Comune Di Gavi біле сухе 12% 0.75л,265.0
Вино,Вино Insolito Бранко біле сухе 0.75л,199.0
Вино,Вино Insolito Резерва червоне сухе 0.75л,348.99
Вино,Вино Jean Degaves Bordeaux Blanc Moelleux біле 11% 0.75л,196.01
Вино,Вино Jean Degaves Bordeaux Blanc біле сухе 11.5% 0.75л,206.0
Вино,Вино Jean Degaves Bordeaux Reserve червоне сухе 13.5% 0.75л,229.9
Вино,Вино J.P. Chenet Blanc Medium Sweet біле напівсол 11.5%0.75л,229.9
Вино,Вино J.P. Chenet Cabernet-Syrah червоне сухе 13% 0.75л,309.9
Вино,Вино J.P. Chenet Merlot червоне сухе 13% 0.75л,309.9
Вино,Вино J.P. Chenet Rose рожеве напівсолодке 12% 0.75л,229.9
Вино,Вино J.P. Chenet Rouge Medium Sweet черв напівсол 12% 0.75л,229.9
Сир,Сир Metro Chef Гауда твердий 45% ваговий,299.9
Молоко,Молоко Metro Chef питне 1.5% 1000г,33.9
"Сир кисломолочний",Сир кисломолочний Metro Chef нежирний 350г,42.8
"Макаронні вироби",Локшина Metro Chef соба 1.05кг,89.9
Вино,Вино Kaikoura Bay Sauvignon Blanc біле сухе 12% 0.75л,344.01
Вино,Вино Kaikoura Pinot Noir червоне сухе 13.5% 0.75л,425.0
Вино,Вино Kartuli Vazi Алазанська долина напівсол біле 11% 0.75л,184.91
Вино,Вино Kartuli Vazi Алазанська долина н/сол чер 11% 0.75л,219.0
Вино,Вино Kartuli Vazi Кінзмараулі червоне напівсолодке 11% 0.75л,325.9
Вино,Вино Kartuli Vazi Мерані червоне напівсухе 11% 0.75л,267.9
Вино,Вино Kartuli Vazi Мукузані червоне сухе 12% 0.75л,299.0
Вино,Вино Kartuli Vazi Піросмані червоне напівсухе 11.5% 0.75л,261.9
Вино,Вино Kartuli Vazi Сапераві червоне сухе 12% 0.75л,229.01
Вино,Вино Kartuli Vazi Твіші біле напівсолодке 10.5% 0.75л,324.0
Вино,Вино Kartuli Vazi Хванчкара червоне напівсолодке 11% 0.75л,699.0
Вино,Вино Kartuli Vazi Цинандалі біле сухе 12% 0.75л,218.9
Вино,Вино Koblevo Bastardo червоне напівсолодке 9.5-12% 0.75л,90.9
Вино,Вино Koblevo Каберне сухе сортове червоне 9.5-14% 0.75л,99.5
Вино,Вино Koblevo Шардоне біле сухе 9.5-14% 0.75л,92.9
Сир,Сир Metro Chef Гауда твердий 45% ваговий,299.9
Молоко,Молоко Metro Chef питне 1.5% 1000г,33.9
"Сир кисломолочний",Сир кисломолочний Metro Chef нежирний 350г,42.8
"Макаронні вироби",Локшина Metro Chef соба 1.05кг,89.9
Вино,Вино La Sastreria Garnacha Blanca біле напівсухе 13.5% 0.75л,196.01
Вино,Вино La Sastreria Garnacha Rosado рожеве сухе 13.5% 0.75л,196.01
Вино,Вино La Sastreria Garnacha чевоне сухе 14% 0.75л,196.01
Вино,Вино Latinium Gewürztraminer біле напівсолодке 10% 0.75л,212.9
Вино,Вино Latinium Riesling біле напівсолодке 9.5% 0.75л,212.9
"Ігристі вина",Вино Latinium Sparkling біле напівсолодке 8.5% 0.75л,187.9
"Ігристі вина",Вино Laura Romagnelli Lambrusco di Modena брют 10.5% 0.75л,149.9
Вино,Вино Laura Romagnelli Sangiovese Rubicone черв сух 11% 0.75л,114.9
Вино,Вино Le Colline dei Filari Bardolino Classico черв 12% 075л,196.01
Вино,Вино Le Colline dei Filari Bardolino червоне сухе 12% 0.75л,174.9
Вино,Вино Le Colline dei Filari Cabernet Sauvignon черв 12% 0.75л,151.0
Вино,Вино Le Colline dei Filari Chardonnay delle Venezie 12%0.75л,151.0
Вино,Вино Le Colline dei Filari Merlot червоне сухе 12% 0.75л,151.0
Вино,Вино Le Colline dei Filari Pinot Grigio Blush Rose 12% 0.75л,151.0
Вино,Вино Le Colline dei Filari Pinot Grigio delle Venez 12%0.75л,151.0
Сир,Сир Metro Chef Гауда твердий 45% ваговий,299.9
Молоко,Молоко Metro Chef питне 1.5% 1000г,33.9
"Сир кисломолочний",Сир кисломолочний Metro Chef нежирний 350г,42.8
"Макаронні вироби",Локшина Metro Chef соба 1.05кг,89.9
Вино,Вино Le Colline dei Filari Soave Classico біле сухе 12%0.75л,184.91
Вино,Вино Le Colline dei Filari Soave біле сухе 12% 0.75л,151.0
Вино,Вино Le Colline dei Filari Valpolicella Ripasso 13% 0.75л,309.9
Вино,Вино Le Colline dei Filari Valpolicella червоне сухе12%0.75л,219.0
Вино,Вино Le Ginestre Chianti Classico Riserva черв сух 13% 0.75л,311.01
Вино,Вино Le Ginestre Кьянти резерва червоне сухе 12% 0.75л,219.9
Вино,Вино Lenotti Bardolino Classico Chiaretto рож н/с 12% 0.75л,289.01
Вино,Вино Lenotti Bardolino Classico напівсухе червоне 12% 0.75л,276.0
Вино,Вино Lenotti Colle Dei Tigli напівсухе біле 12.5% 0.75л,276.0
Вино,Вино Lenotti Custoza біле напівсухе 12% 0.75л,276.0
Вино,Вино Lenotti Le Crosare червоне напівсухе 14.5% 0.75л,599.0
Вино,Вино Lenotti Pinot Grigio біле напівсухе 12.5% 0.75л,329.91
Вино,Вино Lenotti Rosso Passo del Venetto напівсухе 12.5% 0.75л,276.0
Вино,Вино Lenotti Soave напівсухе біле 12.5% 0.75л,276.0
Вино,Вино Lenotti Valpolicella червоне напівсухе 15.5% 0.75л,1.0
Сир,Сир Metro Chef Гауда твердий 45% ваговий,299.9
Молоко,Молоко Metro Chef питне 1.5% 1000г,33.9
"Сир кисломолочний",Сир кисломолочний Metro Chef нежирний 350г,42.8
"Макаронні вироби",Локшина Metro Chef соба 1.05кг,89.9
Вино,Вино Lenotti Лугана біле сухе 12.5% 0.75л,329.0
Вино,Вино Les 3 Cabines Pays d`Oc Био біле сухе 10% 0.75л,276.0
Вино,Вино Les 3 Cabines Pays d`Oc органічне рожеве сухе 12% 0.75л,276.0
Вино,Вино Les 3 Cabines Pays d`Oc органіч червоне сухе 13% 0.75л,276.0
Вино,Вино Lion`s Land Каберне червоне сухе 10% 0.75л,249.0
Вино,Вино Lion`s Land Шардоне біле сухе 10% 0.75л,249.0
Вино,Вино Livia Antica Альяніко червоне сухе 13% 0.75л,255.0
Вино,Вино Livia Antica Фаладжина біле сухе 13% 0.75л,249.9
Вино,Вино L`Oratoire de Chasse Spleen Moulis червоне сухе13%0.75л,999.0
Вино,Вино Los Pagos Cabernet Sauvignon червоне сухе 12.5% 0.75л,149.9
Вино,Вино Los Pagos Cermenere червоне сухе 12.5% 0.75л,149.9
Вино,Вино Los Pagos Chardonnay біле сухе 13% 0.75л,149.9
Вино,Вино Los Pagos Merlot червоне сухе 13% 0.75л,149.9
Вино,Вино Los Pagos Pinot Grigio біле сухе 13.5% 0.75л,174.9
Вино,Вино Los Pagos Sauvignon Blanc біле сухе 12.5% 0.75л,149.9
Сир,Сир Metro Chef Гауда твердий 45% ваговий,299.9
Молоко,Молоко Metro Chef питне 1.5% 1000г,33.9
"Сир кисломолочний",Сир кисломолочний Metro Chef нежирний 350г,42.8
"Макаронні вироби",Локшина Metro Chef соба 1.05кг,89.9
Вино,Вино Lucien Lurton&Fils Margaux червоне сухе 12.5% 0.75л,929.0
Вино,Вино Luis Felipe Edwards Cabernet Sauvignon черв 12.5%0.75л,195.9
Вино,Вино Luis Felipe Edwards Carmenere Classic черв сух 12%0.75л,195.9
Вино,Вино Luis Felipe Edwards Chardonnay біле сухе 13% 0.75л,195.9
Вино,Вино Luis Felipe Edwards Merlot Reserva черв сухе 13.5%0.75л,309.9
Вино,Вино Luis Felipe Edwards Sauvignon Blanc біле сухе 12% 0.75л,195.9
Вино,Вино Luis Felipe Edwards Viognier Reserva біле 13.5% 0.75л,309.9
Вино,Вино Marani Алазанська Долина біле напівсолодке 12% 0.75л,198.9
Вино,Вино Marani Алазанська долина червоне напівсолодке 12% 0.75л,231.9
Вино,Вино Marani Сапераві червоне сухе 13.5% 0.75л,259.9
Вино,Вино Medaina Barbaresco червоне сухе 13.5% 0.75л,748.99
Вино,Вино Medaina Barolo червоне сухе 14% 0.75л,999.0
Вино,Вино Medaina Roero Arneis біле сухе 13% 0.75л,432.0
Вино,Вино Michel Laurent Cabernet d`Anjou рож напівсух 11% 0.75л,249.9
Вино,Вино Michel Laurent Chinon червоне сухе 12% 0.75л,259.01
Сир,Сир Metro Chef Гауда твердий 45% ваговий,299.9
Молоко,Молоко Metro Chef питне 1.5% 1000г,33.9
"Сир кисломолочний",Сир кисломолочний Metro Chef нежирний 350г,42.8
"Макаронні вироби",Локшина Metro Chef соба 1.05кг,89.9
Вино,Вино Michel Laurent Muscadet Sevre et Maine біле 11.5% 0.75л,241.89
Вино,Вино Michel Laurent Pouilly-Fume біле сухе 12% 0.75л,689.01
Вино,Вино Michel Laurent Rose d`Anjou рожеве напівсухе 10.5%0.75л,259.01
Вино,Вино Michel Laurent Sancerre Blanc біле сухе 13%0.75л,689.01
Вино,Вино Michel Laurent Sancerre рожеве сухе 13% 0.75л,529.0
Вино,Вино Michel Laurent Sauvignon Touraine біле сухе 12% 0.75л,299.91
Вино,Вино Michel Laurent Вувре біле напівсухе 0.75л,345.0
"Ігристі вина",Вино Michel Laurent Креман де Лаура біле ігристе брют 0.75л,379.0
Вино,Вино Michel Laurent червоне сухе 0.75л,269.9
Вино,Вино Monte Baixo Vinho Verde біле сухе 11.5% 0.75л,195.0
Вино,Вино Montelciego Кріанза червоне сухе 0.75л,265.0
Вино,Вино Montelciego Резерва червоне сухе 0.75л,348.99
Вино,Вино Old Gruzia Алазанська Долина біле напівсолодке 12% 1.5л,223.9
Вино,Вино Old Gruzia Алазанська Долина червоне напівсол 12% 1.5л,223.9
Вино,Вино Old Gruzia Кіндзмараулі червоне напівсолодке 12% 1.5л,362.91
"Салати і соління",Капуста квашена Aro 900г,54.9
"Салати і соління",Салат Aro Морква по-корейськи 1000г,89.9
Яйця,Яйця Квочка Домашні курячі С0 10шт/уп,78.4
Свинина,Грудинка свиняча охолоджена,159.9
Вино,Вино Old Gruzia Сапераві червоне сухе 13% 1.5л,246.9
Вино,Вино Old Gruzia Цинандалі біле сухе 13% 1.5л,208.9
Вино,Вино Pfaffl Grüner Veltliner Vom Haus біле сухе 12% 0.75л,309.9
Вино,Вино Pfaffl Zweigelt Vom Haus червоне сухе 12.5% 0.75л,309.9
Вино,Вино Picnic Аліготе до риби біле сухе 9.5-13% 1л,54.5
Вино,Вино Picnic Каберне до шашлику червоне сухе 9.5-14% 1л,54.5
Вино,Вино Pinot Grigio Colline dei Filari біле сухе 0.375л,104.9
Вино,Вино Poggio al Casone Chianti червоне сухе 12.5% 0.75л,285.89
Вино,Вино Predella Montepulciano d`Abruzzo черв сухе 12.5% 0.75л,136.9
Вино,Вино Predella Trebbiano d`Abruzzo DOC біле сухе 12% 0.75л,129.0
"Ігристі вина",Вино Provetto Spumante Rosato Secco рожеве сухе 10.5% 0.75л,189.89
Вино,Вино Pueblo Viejo Rioja Crianza червоне сухе 14% 075л,219.0
Вино,Вино Pueblo Viejo Rioja Gran Reserva червоне сухе 14% 0.75л,429.0
Вино,Вино Pueblo Viejo Rioja Reserva червоне сухе 14% 0.75л,289.01
Вино,Вино Pueblo Viejo Rioja Young Red червоне сухе 14% 0.75л,199.0
"Салати і соління",Капуста квашена Aro 900г,54.9
"Салати і соління",Салат Aro Морква по-корейськи 1000г,89.9
Яйця,Яйця Квочка Домашні курячі С0 10шт/уп,78.4
Свинина,Грудинка свиняча охолоджена,159.9
Вино,Вино Purcari Pinot Grigio de Purcari біле сухе 13.5% 0.75л,312.9
Вино,Вино Purcari Shardonnay de Purcari біле сухе 13.5% 0.75л,312.9
Вино,Вино Purcari Каберне Совіньйон червоне сухе 14% 0.75л,312.9
Вино,Вино Puy Vallon Medoc AOC червоне сухе 125% 075л,265.0
Вино,Вино Puy Vallon Medoc червоне сухе 0.375л,139.9
Вино,Вино Ribeaupierre Cabernet Sauvignon червоне сухе13.5% 0.75л,169.9
Вино,Вино Ribeaupierre Chardonnay BiB 3l біле сухе 12.5% 3л,499.0
Вино,Вино Ribeaupierre Chardonnay біле сухе 12.5% 0.75л,189.89
Вино,Вино Ribeaupierre Merlot BiB 3l червоне сухе 12.5% 3л,499.0
Вино,Вино Ribeaupierre Merlot червоне сухе 12.5% 0.75л,169.9
Вино,Вино Ribeaupierre Sauvignon Blanc біле сухе 11% 0.75л,189.89
Вино,Вино Riesling Henri Weber біле сухе 0.375л,189.0
Вино,Вино Sablettes Sauternes біле солодке 13.5% 0.75л,868.0
Вино,Вино Shabo Cabernet Reserve червоне сухе 12.5% 0.75л,213.9
"Ігристі вина",Вино Shabo Classic Брют ігристе біле 10.5-13.5% 0.75л,216.9
"Салати і соління",Капуста квашена Aro 900г,54.9
"Салати і соління",Салат Aro Морква по-корейськи 1000г,89.9
Яйця,Яйця Квочка Домашні курячі С0 10шт/уп,78.4
Свинина,Грудинка свиняча охолоджена,159.9
"Ігристі вина",Вино Shabo Classic ігристе н/солодке біле 10.5-13.5% 0.75л,216.9
Вино,Вино Shabo Reserve Rose рожеве сухе 13.1% 0.75л,218.9
Вино,Вино Shabo Reserve Telti-Kuruc біле сухе 10.8% 0.75л,218.9
Вино,Вино Shabo Reserve Шардоне ординарне сухе біле 13.3% 0.75л,213.9
Вино,Вино Solo Corso Red Semi-Sweet червоне 11.5% 0.75л,149.9
Вино,Вино Solo Corso White Semi-Sweet біле напівсолод 11.5% 0.75л,149.9
Вино,Вино Suro Алазанська долина біле напівсолодке 0.75л,169.9
Вино,Вино Suro Кіндзмараулі червоне напівсолодке 12% 0.75л,254.9
Вино,Вино Suro Кісі Квеврі біле сухе 13% 0.75л,548.99
Вино,Вино Suro Сапераві Кверві червоне сухе 14% 0.75л,629.0
Вино,Вино Suro Сапераві червоне сухе 13% 0.75л,189.89
Вино,Вино Suro Хіхві Квеврі біле сухе 13% 0.75л,569.0
Вино,Вино Teliani Valley Алазанська Долина біле напівсол 12%0.75л,169.9
Вино,Вино Teliani Valley Алазанська Долина черв напівсол 12%0.75л,188.9
Вино,Вино Teliani Valley Кіндзмараулі червоне напівсол 11.5%0.75л,299.91
"Салати і соління",Капуста квашена Aro 900г,54.9
"Салати і соління",Салат Aro Морква по-корейськи 1000г,89.9
Яйця,Яйця Квочка Домашні курячі С0 10шт/уп,78.4
Свинина,Грудинка свиняча охолоджена,159.9
Вино,Вино Teliani Valley Сапераві червоне сухе 13% 0.75л,199.9
Вино,Вино Teliani Valley Цинандалі біле сухе 13% 0.75л,188.9
Вино,Вино Terre di Zagara Zibibbo Liquoroso біле солод 16% 0.75л,329.0
Вино,Вино The Capeography Co Landscape біле сухе 14.5% 0.75л,229.9
Вино,Вино The Listening Station Chardonnay біле сухе 12.5% 0.75л,249.0
Вино,Вино The Listening Station Malbec червоне сухе 14% 0.75л,249.0
Вино,Вино The Listening Station Shiraz червоне сухе 14% 0.75л,249.0
Вино,Вино Thomas Rath Liebfraumilch біле напівсолодке 8.5% 0.75л,149.9
Вино,Вино Thomas Rath Spätlese Lieblich біле напівсолод 10% 0.75л,149.9
Вино,Вино Thomas Rath Weissburgunder біле сухе 12.5% 1л,185.9
Вино,Вино Tokaji Aszu 5 puttonyos біле солодке 9.5% 0.5л,599.0
Вино,Вино Tokaji Szamorodni edes біле напівсолодке 12% 0.5л,299.0
Вино,Вино Torre Delle Grazie Vino Nobile di Montepulc 13.5%0.75л,339.0
Вино,Вино Uvas del Sol Malbec червоне сухе 13.5% 0.75л,265.0
Вино,Вино Vallefiore Sangiovese Rubicone червоне сухе 11% 5л,495.0
"Салати і соління",Капуста квашена Aro 900г,54.9
"Салати і соління",Салат Aro Морква по-корейськи 1000г,89.9
Яйця,Яйця Квочка Домашні курячі С0 10шт/уп,78.4
Свинина,Грудинка свиняча охолоджена,159.9
Вино,Вино Vallefiore Trebbiano Rubicone біле сухе 11% 5л,495.0
Вино,Вино Vallefiore Vino di Tavola Bianco біле сухе 10.5% 0.75л,99.0
Вино,Вино Vallefiore Vino di Tavola Rose рожеве сухе 11% 0.75л,99.0
Вино,Вино Vallefiore Vino di Tavola Rosso червоне сухе 11% 0.75л,99.0
"Ігристі вина",Вино Valmarone Lambrusco dell` Emilia Rosso червоне 8% 0.75л,119.9
"Ігристі вина",Вино Valmarone Lambrusco dell` Emilia рож напівсух 8% 0.75л,119.9
Вино,Вино Villa Krim Chardonnay сухе біле 9.5-14% 0.75л,89.9
Вино,Вино Villa Krim Merlot червоне сухе 9.5-14% 0.75л,89.9
Вино,Вино Villa Krim Muscat Berbarro чер напівсолодке 9-13% 0.75л,89.9
Вино,Вино Villa Krim Muscat Marbel біле напівсолодке 9-13% 0.75л,89.9
Вино,Вино Villa Krim Muscat Riviera напівсол рожеве 9-13% 0.75л,89.9
Вино,Вино Villa Krim Shateau Baron напівсолодке біле 9-13% 0.75л,89.9
Вино,Вино Villa Krim Shevalie Rouge черв напівсолодке 9-13% 0.75л,89.9
Вино,Вино Villa Krim Shevalie Rouge червоне напівсол 9-13% 1.5л,129.91
Вино,Вино Winemaker Cabernet Sauvignon/Merlоt черв сух 11.5%0.75л,254.9
"Салати і соління",Капуста квашена Aro 900г,54.9
"Салати і соління",Салат Aro Морква по-корейськи 1000г,89.9
Яйця,Яйця Квочка Домашні курячі С0 10шт/уп,78.4
Свинина,Грудинка свиняча охолоджена,159.9
Вино,Вино Winemaker Sauvignon Blanc/Chardonnay біле 11.5% 0.75л,254.9
Вино,Вино Yellow tail Moscato біле напівсолодке 7.5% 0.75л,379.9
Вино,Вино Yellow tail Muscat Rose рожеве напівсолодке 7.5% 0.75л,379.9
"Ігристі вина",Вино Алазаія Фрізанте Бьянко кегове 20л,3.0
Вино,Вино Бардол класич Colline dei Filari червоне сухе 0.375л,104.9
Вино,Вино Голіцинські вина Cabernet червоне сухе 9.5-14% 3л,218.9
Вино,Вино Голіцинські Вина Каберне червоне напівсолодке 9-12% 3л,218.9
Вино,Вино Голіцинські Вина Совіньйон біле сухе 9.5-13% 3л,218.9
Вино,Вино Голіцинські Вина Совіньйон Блан біле напівсол 9-12% 3л,218.9
"Ігристі вина",Вино ігристе Andre Gallois біле брют 10.5% 0.75л,184.91
"Ігристі вина",Вино ігристе Artwinery Артемівське біле брют 10-13.5% 0.75л,166.9
"Ігристі вина",Вино ігристе Artwinery Артемівське біле напівсолодке 0.75л,168.9
"Ігристі вина",Вино ігристе Artwinery Артемівське біле напівсолодке 0.75л,168.9
"Ігристі вина",Вино ігристе Artwinery Артемівське біле напівсухе 0.75л,166.9
"Ігристі вина",Вино ігристе Bagrationi Classic біле брют 12% 0.75л,324.9
Свинина,Лопаткова частина свинини боковий кусок охолоджена,149.9
Сир,Сир Metro Chef Гауда твердий 45% ваговий,299.9
Свинина,Тазостегнова частина свиняча без кістки,154.9
Соуси,Соус Aro томатний для піци 4100г,309.9
"Ігристі вина",Вино ігристе Bagrationi Classic біле напівсухе 11.5% 0.75л,324.9
"Ігристі вина",Вино ігристе Bagrationi Classic біле н/солодке 11.5% 0.75л,325.9
"Ігристі вина",Вино ігристе Bazaleti біле напівсолодке 11.5% 0.75л,259.9
"Ігристі вина",Вино ігристе Corner Prosecco DOC Extra Dry біл сух 11% 0.75л,269.9
"Ігристі вина",Вино ігристе Corner Prosecco Grand Cuvee біле сухе 0.75л,369.0
"Ігристі вина",Вино ігристе Crémant de Bourgogne біле брют12% 0.75л,426.01
"Ігристі вина",Вино ігристе Mallol-Gantois Grand Cru біле брют 12% 0.75л,1.0
"Ігристі вина",Вино ігристе Marengo Bianco біле брют 10-13.5% 0.75л,137.89
"Ігристі вина",Вино ігристе Marengo Bianco біле напівсолодке 10-13.5% 0.75л,135.9
"Ігристі вина",Вино ігристе Martini Asti біле солодке 7.5% 750мл,347.9
"Ігристі вина",Вино ігристе Martini Brut біле 11.5% 750мл,365.9
"Ігристі вина",Вино ігристе Morra Asti біле солодке 7% 0.75 л,218.9
"Ігристі вина",Вино ігристе Provetto Blanco біле брют 10.5% 0.75л,189.89
"Ігристі вина",Вино ігристе Shabo біле сухе 10.5-13.5% 0.75л,151.91
"Ігристі вина",Вино ігристе Shabo Голд біле напівсолодке 10.5-13.5% 0.75л,151.91
Свинина,Лопаткова частина свинини боковий кусок охолоджена,149.9
Сир,Сир Metro Chef Гауда твердий 45% ваговий,299.9
Свинина,Тазостегнова частина свиняча без кістки,154.9
Соуси,Соус Aro томатний для піци 4100г,309.9
"Ігристі вина",Вино ігристе Shabo рожеве напівсухе 10.5-13.5% 0.75л,155.9
"Ігристі вина",Вино ігристе Valdo Valdobbiadene prosecco 11% 750мл,439.9
"Ігристі вина",Вино ігристе Valmarone Spumante біле брют 11% 0.75л,169.9
Вино,Вино Колоніст Каберне червоне сухе 13% 0.75л,256.9
Вино,Вино Колоніст Шардоне біле сухе 13.5% 0.75л,246.9
Вино,Вино кріплене Don Pablo Cherry Fino біле сухе 15% 0.75л,229.9
Вино,Вино кріплене Don Pablo Cherry Medium Sweet Golden 15% 0.75л,269.0
Вино,Вино кріплене Don Pablo LBV Late Bottled Vintage 20% 0.75л,459.01
Вино,Вино кріплене Don Pablo Manzanilla біле сухе 15% 0.75л,229.9
Вино,Вино кріплене Don Pablo Pedro Ximenez de PX біле 17% 0.75л,334.0
Вино,Вино кріплене Don Pablo Porto червоне солодке 10yo 20% 0.75л,498.9
Вино,Вино кріплене Don Pablo White Port біле солодке 19% 0.75л,259.9
"Ігристі вина",Вино напівігристе Laura Romagnelli Lambrusco 8% 750мл,149.9
"Ігристі вина",Вино напівігристе Valmarone Prosecco Spumante ExDry11% 0.75л,218.9
Вино,Вино Цинандалі Suro біле сухе 13% 0.75л,179.9
Свинина,Лопаткова частина свинини боковий кусок охолоджена,149.9
Сир,Сир Metro Chef Гауда твердий 45% ваговий,299.9
Свинина,Тазостегнова частина свиняча без кістки,154.9
Соуси,Соус Aro томатний для піци 4100г,309.9
Вино,Вино Шардоне Colline dei Filari біле сухе 0.375л,104.9
Віскі,Віскі Aberlour 12 YO шотландське односолодове 40% 0.7л,1.0
Віскі,Віскі Aberlour шотландський односолодовий 14YO 40% 0.7л,3.0
Віскі,Віскі Ardbeg 10 yo 46% 0.7л,2.0
Віскі,Віскі Ballantine`s Finest 40% 1л,748.99
Віскі,Віскі Ballantines Finest купажоване 40% 0.5л,433.99
Віскі,Віскі Ballantine`s Finest купажоване 40% 0.7л,599.0
Віскі,Віскі Bell`s Original шотландський купажований 40% 0.7л,388.9
Віскі,Віскі Bushmills Original 40% 1л,995.0
Віскі,Віскі Charles House 40% 0.7л,279.9
Віскі,Віскі Chivas Regal 12 YO 40% 0.5л,999.0
Віскі,Віскі Chivas Regal 12 YO 40% 1л,1.0
Віскі,Віскі Chivas Regal 12 років витримки 40% 0.7л,1.0
Віскі,Віскі Chivas Regal 18 YO 40% 0.7л,2.0
Віскі,Віскі Chivas Regal 18YO купажоване 40% 1л,3.0
Свинина,Лопаткова частина свинини боковий кусок охолоджена,149.9
Сир,Сир Metro Chef Гауда твердий 45% ваговий,299.9
Свинина,Тазостегнова частина свиняча без кістки,154.9
Соуси,Соус Aro томатний для піци 4100г,309.9
Віскі,Віскі Dewar`s Caribbean Smooth 8 років 40% 700мл,769.0
Віскі,Віскі Dewar`s White Label 40% 0.7л,520.0
Віскі,Віскі Dewar`s White Label 40% 1л,739.0
Віскі,Віскі Glenfiddich 12YO 40% 0.7л,1.0
Віскі,Віскі Glengannon 40% 0.7л,365.0
Віскі,Віскі Glenlivet 12 YO 40% 0.7л,1.0
Віскі,Віскі Glenmorangie Nectar D`Or 12 років 46% 0.7л,2.0
Віскі,Віскі Glenmorangie Original 40% 0.7л,1.0
Віскі,Віскі Glenmorangie Original 40% 1 л,2.0
Віскі,Віскі Hankey Bannister 40% 0.7л,569.0
Віскі,Віскі Hankey Bannister 40% 1л,829.0
Віскі,Віскі Jack Daniel`s 40% 0.7л,748.99
Віскі,Віскі Jack Daniel`s Gentleman Jack 40% 0.7л,1.0
Віскі,Віскі Jack Daniel`s Old No.7 40% 0.5л,559.0
Віскі,Віскі Jack Daniel`s Single Barrel 45% 0.7л,1.0
Свинина,Лопаткова частина свинини боковий кусок охолоджена,149.9
Сир,Сир Metro Chef Гауда твердий 45% ваговий,299.9
Свинина,Тазостегнова частина свиняча без кістки,154.9
Соуси,Соус Aro томатний для піци 4100г,309.9
Віскі,Віскі Jack Daniel`s Tennessee Old No.7 40% 1л,995.0
Віскі,Віскі Jameson Caskmates Stout ірландське 40% 0.7л,865.0
Віскі,Віскі Jameson Triple Distilled 40% 1л,895.0
Віскі,Віскі Jameson ірландське 40% 700мл,679.0
Віскі,Віскі Jameson ірландський 40% 500мл,529.0
Віскі,Віскі Jim Beam Rye бурбон 40% 0.7л,999.0
Віскі,Віскі Jim Beam White 40% 1л,849.0
Віскі,Віскі Jim Beam White Bourbon 40% 0.7л,609.0
Віскі,Віскі Johnnie Walker Black Label 40% 1л,1.0
Віскі,Віскі Johnnie Walker Red Label 40% 0.5л,464.9
Віскі,Віскі Johnnie Walker Red Label 40% 1л,819.0
Віскі,Віскі Macallan Fine Oak 12 yo 40% 0.7л,2.0
Віскі,Віскі Maker`s Mark Bourbon 45% 0.7л,1.0
Віскі,Віскі Red Label Johnnie Walker 40% 0.7л,659.01
Віскі,Віскі Scottish Collie 40% 0.7л,371.9
Свинина,Лопаткова частина свинини боковий кусок охолоджена,149.9
Сир,Сир Metro Chef Гауда твердий 45% ваговий,299.9
Свинина,Тазостегнова частина свиняча без кістки,154.9
Соуси,Соус Aro томатний для піци 4100г,309.9
Віскі,Віскі Talisker 10 yo 45.8% 0.7л,1.0
Віскі,Віскі Tenjaku 40% 0.7л,1.0
Віскі,Віскі The Glenlivet шотландське односолодове 40% 700мл,1.0
Віскі,Віскі The Pogues Irish 40% 0.7л,699.0
Віскі,Віскі Tullamore Dew 40% 0.7л,669.0
Віскі,Віскі Tullamore Dew 40% 1л,899.0
Віскі,Віскі William Lawson`s Blended scotch whisky 40% 1л,567.0
Віскі,Віскі Woodford Reserve 43.2% 0.7л,1.0
Вино,Глінтвейн Gluhwein 10л,700.9
Вино,Глінтвейн Hüttenglut ароматизований на основі вина 8.5% 1л,89.9
Вино,Глінтвейн Huttenglut білий 8% 1л,89.9
Горілка,Горілка Absolut 40% 0.5л,283.9
Горілка,Горілка Absolut 40% 0.7л,396.9
Горілка,Горілка Absolut 40% 1л,529.0
Горілка,Горілка Absolut Citron зі смаком лимона 40% 0.7л,409.9
"Макаронні вироби",Локшина Metro Chef соба 1.05кг,89.9
"Сир кисломолочний",Сир кисломолочний Metro Chef 5% 350г,43.7
Вершки,Молоко кокосове Metro Chef ультрапастеризоване 1л,89.9
Молоко,Молоко Metro Chef питне 1.5% 1000г,33.9
Горілка,Горілка Absolut Grapefruit ароматизована 40% 0.7л,409.9
Горілка,Горілка Absolut Kurant ароматизована 40% 0.7л,409.9
Горілка,Горілка Absolut Lime ароматизована 40% 0.7л,409.9
Горілка,Горілка Absolut Mandrin ароматизована 40% 0.7л,409.9
Горілка,Горілка Absolut Pears ароматизована 40% 0.7л,409.9
Горілка,Горілка Absolut Watermelon ароматизована 38% 0.7л,409.9
Горілка,Горілка Absolut Манго ароматизована 40% 0.7л,409.9
Горілка,Горілка Finlandia 40% 0.5л,273.9
Горілка,Горілка Finlandia 40% 0.7л,367.89
Горілка,Горілка Finlandia 40% 1л,496.91
Горілка,Горілка Finlandia Blackcurrant 37.5% 0.5л,273.9
Горілка,Горілка Finlandia Blackcurrant 37.5% 1л,498.9
Горілка,Горілка Finlandia Coconut 37.5% 0.5л,273.9
Горілка,Горілка Finlandia Cranberry біла 37.5% 0.5л,273.9
Горілка,Горілка Finlandia Cranberry біла 37.5% 0.7л,371.9
"Макаронні вироби",Локшина Metro Chef соба 1.05кг,89.9
"Сир кисломолочний",Сир кисломолочний Metro Chef 5% 350г,43.7
Вершки,Молоко кокосове Metro Chef ультрапастеризоване 1л,89.9
Молоко,Молоко Metro Chef питне 1.5% 1000г,33.9
Горілка,Горілка Finlandia Cranberry біла 37.5% 1л,498.9
Горілка,Горілка Finlandia Grapefruit 37.5% 0.5л,273.9
Горілка,Горілка Finlandia Lime 37.5% 0.5л,273.9
Горілка,Горілка Finlandia Redberry червона 37.5% 0.5л,273.9
Горілка,Горілка Finlandia Грейпфрут 37.5% 1л,498.9
Горілка,Горілка Finlandia Журавлина червона 37.5% 1л,498.9
Горілка,Горілка Finlandia Лайм 37.5% 1л,498.9
Горілка,Горілка Finsky Premium 40% 0.5л,279.9
Горілка,Горілка Green Day Crystal 40% 0.5л,118.91
Горілка,Горілка Green Day Crystal 40% 0.7л,168.9
Горілка,Горілка Green Day Organic life 40% 0.5л,118.91
Горілка,Горілка Green Day Premium eco vodka 40% 0.5л,118.91
Горілка,Горілка Green Day Premium eco vodka 40% 0.7л,168.9
Горілка,Горілка Grey Goose 40% 1л,978.99
Горілка,Горілка Hlibny Dar Класична 40% 0.37л,87.49
"Макаронні вироби",Локшина Metro Chef соба 1.05кг,89.9
"Сир кисломолочний",Сир кисломолочний Metro Chef 5% 350г,43.7
Вершки,Молоко кокосове Metro Chef ультрапастеризоване 1л,89.9
Молоко,Молоко Metro Chef питне 1.5% 1000г,33.9
Горілка,Горілка Hlibny Dar Класична 40% 0.5л,117.5
Горілка,Горілка Hlibny Dar Класична 40% 1л,238.9
Горілка,Горілка Koskenkorva 40% 1л,545.0
Горілка,Горілка Nemiroff Delikat м`яка особлива 40% 0.5л,119.9
Горілка,Горілка Nemiroff Delikat м`яка особлива 40% 0.7л,181.91
Горілка,Горілка Nemiroff De Luxe 40% 0.7л,257.9
Горілка,Горілка Nemiroff De Luxe особлива 40% 0.5л,218.9
Горілка,Горілка Nemiroff Lex особлива 40% 0.5л,273.9
Горілка,Горілка Nemiroff Lex особлива 40% 0.7л,407.9
Горілка,Горілка Nemiroff Особлива 40% 0.37л,96.6
Горілка,Горілка Nemiroff Особлива 40% 0.7л,166.9
Горілка,Горілка Nemiroff Особлива 40% 1л,232.9
Горілка,Горілка Nemiroff Особлива зі спирту люкс 40% 0.5л,115.89
Горілка,Горілка №9 Distil 40% 0.7л,355.9
Горілка,Горілка №9 Distil 40% 1л,476.9
"Макаронні вироби",Локшина Metro Chef соба 1.05кг,89.9
"Сир кисломолочний",Сир кисломолочний Metro Chef 5% 350г,43.7
Вершки,Молоко кокосове Metro Chef ультрапастеризоване 1л,89.9
Молоко,Молоко Metro Chef питне 1.5% 1000г,33.9
Горілка,Горілка Staritsky&Levitsky Reserve 40% 0.5л,484.9
Горілка,Горілка Staritsky&Levitsky Reserve 40% 0.7л,659.01
Горілка,Горілка Staritsky&Levitsky Reserve 40% 1л,825.0
Горілка,Горілка Stolichnaya 40% 0.5л,236.91
Горілка,Горілка Stolichnaya 40% 0.7л,334.9
Горілка,Горілка Stolichnaya 40% 1л,454.9
Горілка,Горілка Воздух Легка особлива 40% 0.5л,119.9
Горілка,Горілка Козацька Рада Класична 40% 0.25л,62.5
Горілка,Горілка Козацька Рада Класична 40% 0.37л,87.49
Горілка,Горілка Козацька Рада Класична 40% 0.5л,117.5
Горілка,Горілка Козацька Рада Класична 40% 0.7л,167.9
Горілка,Горілка Козацька Рада Класична 40% 1л,237.9
Горілка,Горілка Мороша Джерельна 40% 0.5л,99.8
Горілка,Горілка Первак Домашній Пшеничний 40% 0.5л,99.8
Горілка,Горілка Первак Домашній Пшеничний 40% 1л,199.9
"Макаронні вироби",Локшина Metro Chef соба 1.05кг,89.9
"Сир кисломолочний",Сир кисломолочний Metro Chef 5% 350г,43.7
Вершки,Молоко кокосове Metro Chef ультрапастеризоване 1л,89.9
Молоко,Молоко Metro Chef питне 1.5% 1000г,33.9
Горілка,Горілка Перша Гільдія Верховна 40% 0.5л,164.8
Горілка,Горілка Перша Гільдія Верховна 40% 0.7л,199.9
Горілка,Горілка Перша Гільдія Поважна 40% 0.5л,165.9
Горілка,Горілка Перша Гільдія Поважна 40% 0.7л,208.9
Горілка,Горілка Старий Житомир 40% 0.7л,152.9
Горілка,Горілка Хлібний Дар Класична 40% 0.18л,41.9
Горілка,Горілка Хортиця Ice 40% 0.5л,114.9
Горілка,Горілка Хортиця Premium 40% 0.7л,164.8
Горілка,Горілка Хортиця Silver Ice 40% 0.5л,114.9
Горілка,Горілка Хортиця Класична 40% 0.5л,99.8
Горілка,Горілка Хортиця Платинум 40% 0.5л,99.8
Горілка,Горілка Хортиця Платинум 40% 1л,199.9
Горілка,Горілка Хортиця Срібна прохолодна особлива 40% 0.5л,99.8
Горілка,Горілка Хортиця Срібна прохолодна особлива 40% 1л,199.9
Бренді,Граппа Madruzzo 38% 0.7л,227.0
"Макаронні вироби",Локшина Metro Chef соба 1.05кг,89.9
"Сир кисломолочний",Сир кисломолочний Metro Chef 5% 350г,43.7
Вершки,Молоко кокосове Metro Chef ультрапастеризоване 1л,89.9
Молоко,Молоко Metro Chef питне 1.5% 1000г,33.9
Джин,Джин Beefeater Blood Orange 37.5% 0.7л,559.0
Джин,Джин Beefeater London 40% 0.7л,599.0
Джин,Джин Beefeater London 40% 1л,718.99
Джин,Джин Beefeater Pink Strawberry 37.5% 0.7л,559.0
Джин,Джин Finsbury London Dry Gin Platinum 47% 1л,718.99
Джин,Джин Gordon`s 37.5% 0.7л,559.0
Джин,Джин Gordon`s 37.5% 1л,735.0
Джин,Джин Gordon`s Premium Pink 37.5% 0.7л,599.0
Джин,Джин Hendrick`s 41.4% 0.7л,1.0
Джин,Джин Monkey 47 47% 500мл,1.0
Джин,Джин Tanqueray London Dry Gin 47.3% 0.7л,718.99
"Ігристі вина",Ігристе вино Adrien Romet рожеве брют 11.5% 0.75л,264.9
"Ігристі вина",Ігристе вино Ca`Ernesto Рожеве сухе 11% 0.75л,199.0
"Ігристі вина",Ігристе вино Henri Weber Cream Els біле брют 12% 0.75л,415.01
"Ігристі вина",Ігристе вино Lenotti Просекко Брют 11% 0.75л,469.9
Соуси,Соус Aro томатний для піци 4100г,309.9
"Сир кисломолочний",Сир кисломолочний Metro Chef 5% 350г,43.7
"Сир кисломолочний",Сир кисломолочний Metro Chef 9% 350г,47.8
"Йогурти та десерти",Йогурт Галичина Карпатський лісова ягода питний 2.2% 300г,23.5
Пиво,Кінгз Брідж Джин з грейпфрутовим соком 0.5л 7.0%,32.5
Пиво,Кінгз Брідж Джин з тоніком напій слабоалкогольний 0.5л 7.0%,32.5
Бренді,Коньяк Aragveli Premium П`ять зірок 40% 0.5л,228.9
Бренді,Коньяк Ararat 3 зірки вірменський 40% 0.5л,359.89
Бренді,Коньяк Ararat 3 зірки вірменський 40% 0.7л,498.9
Бренді,Коньяк Ararat 5 зірок вірменський 40% 0.05л,69.9
Бренді,Коньяк Ararat 5 зірок вірменський 40% 0.5л,399.0
Бренді,Коньяк Ararat 5 зірок вірменський 40% 0.7л,520.0
Бренді,Коньяк Ararat 5 зірок вірменський 40% 1л,699.0
Бренді,Коньяк Askaneli Brothers 3 зірки ординарний 40% 0.5л,249.9
Бренді,Коньяк Askaneli Brothers 4 зірки ординарний 40% 0.5л,269.9
Бренді,Коньяк Askaneli Brothers 5 зірок ординарний 40% 0.5л,279.9
Бренді,Коньяк Aznauri ординарний 3 зірки 40% 0.5л,155.9
Бренді,Коньяк Aznauri П`ять зірочок ординарний 40% 0.5л,178.89
Бренді,Коньяк Aznauri Чотири зірки ординарний 40% 0.5л,179.92
Соуси,Соус Aro томатний для піци 4100г,309.9
"Сир кисломолочний",Сир кисломолочний Metro Chef 5% 350г,43.7
"Сир кисломолочний",Сир кисломолочний Metro Chef 9% 350г,47.8
"Йогурти та десерти",Йогурт Галичина Карпатський лісова ягода питний 2.2% 300г,23.5
Бренді,Коньяк Bolgrad VS 3* 40% 0.5л,185.9
Бренді,Коньяк Bolgrad VSOP 4* 40% 0.5л,194.9
Бренді,Коньяк Bolgrad VVSOP 5* 40% 0.5л,207.9
Коньяк,Коньяк Courvoisier VS 40% 0.7л,1.0
Коньяк,Коньяк Courvoisier VS 40% 1л,1.0
Коньяк,Коньяк Courvoisier VSOP 40% 0.7л,2.0
Коньяк,Коньяк Hennessy Very Special 40% 0.5л,1.0
Коньяк,Коньяк Hennessy Very Special 40% 0.7л,1.0
Коньяк,Коньяк Hennessy Very Special 40% 1л,2.0
Коньяк,Коньяк Hennessy V.S.O.P. 40% 0.5л,2.0
Коньяк,Коньяк Hennessy V.S.O.P. 40% 0.7л,2.0
Коньяк,Коньяк Hennessy V.S.O.P. 40% 1л,4.0
Коньяк,Коньяк Hennessy X.O. 40% 0.7л,9.0
Бренді,Коньяк Koblevo Reserve VSOP 5 зірок ординарний 40% 0.5л,213.9
Бренді,Коньяк Koblevo V.S. 3 зірки 40% 0.5л,159.0
Соуси,Соус Aro томатний для піци 4100г,309.9
"Сир кисломолочний",Сир кисломолочний Metro Chef 5% 350г,43.7
"Сир кисломолочний",Сир кисломолочний Metro Chef 9% 350г,47.8
"Йогурти та десерти",Йогурт Галичина Карпатський лісова ягода питний 2.2% 300г,23.5
Бренді,Коньяк Koblevo VS 3 зірки ординарний 40% 0.5л,174.9
Бренді,Коньяк Koblevo V.V.S.O.P. 5 зірок 40% 0.5л,184.0
Коньяк,Коньяк Martell XO 40% 0.7л,7.0
Бренді,Коньяк Shabo 1788 4* 40% 0.25л,95.8
Бренді,Коньяк Shabo 1788 4* 40% 0.5л,199.9
Бренді,Коньяк Shabo Reserve 5 зірочок 40% 0.5л,213.9
Бренді,Коньяк Shabo Reserve VS 3* 40% 0.5л,191.9
Бренді,Коньяк Shabo VS 3* 40% 0.25л,94.9
Бренді,Коньяк Shabo VS 3* 40% 0.5л,181.91
Бренді,Коньяк Shabo VSOP 5* 40% 0.25л,105.9
Бренді,Коньяк Shabo VSOP 5* 40% 0.5л,199.9
Бренді,Коньяк Shustoff Grande Reserve 5* 40% 0.5л,151.91
Бренді,Коньяк Shustoff VS 3* 40% 0.5л,128.9
Лікери,Крем-лікер Vana Tallinn Original 16% 0.5л,339.9
Лікери,Лікер Baileys 17% 1л,975.0
Соуси,Соус Aro томатний для піци 4100г,309.9
"Сир кисломолочний",Сир кисломолочний Metro Chef 5% 350г,43.7
"Сир кисломолочний",Сир кисломолочний Metro Chef 9% 350г,47.8
"Йогурти та десерти",Йогурт Галичина Карпатський лісова ягода питний 2.2% 300г,23.5
Лікери,Лікер Baileys Original 17% 0.5л,535.0
Лікери,Лікер Baileys The original Irish Cream 17% 0.7л,699.0
Лікери,Лікер Bardinet амарето 25% 0.7л,345.0
Лікери,Лікер Bardinet вишневий бренді 25% 0.7л,345.0
Лікери,Лікер Bardinet кава 25% 0.7л,345.0
Лікери,Лікер Bardinet какао 25% 0.7л,345.0
Лікери,Лікер Bardinet малина 18% 0.7л,345.0
Лікери,Лікер Bardinet м`ята 25% 0.7л,345.0
Лікери,Лікер Bardinet персик 18% 0.7л,345.0
Лікери,Лікер Bardinet полуниця 18% 0.7л,345.0
Лікери,Лікер Bardinet чорна смородина 16% 0.7л,345.0
Лікери,Лікер Cointreau 40% 0.5л,545.0
Лікери,Лікер Cointreau 40% 0.7л,735.0
Лікери,Лікер Cointreau 40% 1л,959.0
Лікери,Лікер De Kuyper Advocaat яєчний 14.8% 0.7л,599.0
Соуси,Соус Aro томатний для піци 4100г,309.9
"Сир кисломолочний",Сир кисломолочний Metro Chef 5% 350г,43.7
"Сир кисломолочний",Сир кисломолочний Metro Chef 9% 350г,47.8
"Йогурти та десерти",Йогурт Галичина Карпатський лісова ягода питний 2.2% 300г,23.5
Лікери,Лікер De Kuyper Blue Curacao 24% 0.7л,599.0
Лікери,Лікер De Kuyper Melon 15% 0.7л,599.0
Лікери,Лікер De Kuyper Peachtree 20% 0.7л,599.0
Лікери,Лікер De Kuyper Pina Colada 14.5% 0.7л,529.0
Лікери,Лікер De Kuyper Pisang Зелений банан 15% 0.7л,599.0
Лікери,Лікер De Kuyper Triple Sec 40% 0.7л,679.0
Лікери,Лікер Disaronno Originale 28% 0.7л,769.0
Віскі,Лікер Jack Daniel`s Tennessee Fire 35% 0.7л,748.99
Віскі,Лікер Jack Daniel`s Tennessee Honey 35% 0.5л,529.0
Віскі,Лікер Jack Daniel`s Tennessee Honey 35% 0.7л,748.99
Віскі,Лікер Jack Daniel`s Tennessee Honey 35% 1л,995.0
Настоянки,Лікер Jägermeister 35% 0.5л,405.9
Настоянки,Лікер Jägermeister 35% 0.7л,509.0
Настоянки,Лікер Jägermeister 35% 1л,785.01
Віскі,Лікер Jim Beam Apple міцний 32.5% 1л,899.0
Соуси,Соус Aro томатний для піци 4100г,309.9
"Сир кисломолочний",Сир кисломолочний Metro Chef 5% 350г,43.7
"Сир кисломолочний",Сир кисломолочний Metro Chef 9% 350г,47.8
"Йогурти та десерти",Йогурт Галичина Карпатський лісова ягода питний 2.2% 300г,23.5
Лікери,Лікер Kahlua 20% 1л,939.0
Лікери,Лікер Madruzzo Amaretto 21% 1л,222.99
Лікери,Лікер Madruzzo Limoncello 28% 0.7л,190.0
Самбука,Лікер Madruzzo Sambuca Madruzzo 40% 1л,299.91
Самбука,Лікер Madruzzo самбука 38% 0.7л,206.0
Лікери,Лікер Malibu 21% 0.7л,529.0
Самбука,Лікер Molinari Sambuca Extra 40% 1л,777.0
Лікери,Лікер Olando Blue Curacao 20% 0.5л,182.9
Лікери,Лікер Olando Peppermint 20% 0.5л,184.91
Лікери,Лікер Sheridan`s 15.5% 0.5л,599.0
Лікери,Лікер Sheridan`s Coffee Layered 15.5% 0.7л,795.0
Настоянки,Лікер Vana Tallinn 40% 0.5л,299.91
Лікери,Лікер Vana Tallinn 40% 1л,553.0
Настоянки,Лікер Vana Tallinn 45% 0.5л,314.9
"Ігристі вина",Напій Fiorelli Fragolino Rosso на основі вина 7% 0.75л,158.9
Сир,Сир Maestro Маасдам 45% кг,369.9
Свинина,Лопаткова частина свинини боковий кусок охолоджена,149.9
Свинина,Грудинка свиняча охолоджена,159.9
"Йогурти та десерти",Йогурт Галичина Карпатський полуниця питний 2.2% 300г,23.5
"Ігристі вина",Напій Latinium Breeze на основі білого вина н/сух 8.5% 0.75л,210.9
"Ігристі вина",Напій Latinium Sparkling на осн білого вина н/сол 8.5% 0.2л,76.9
"Ігристі вина",Напій Martini Spritz Rosato алког на основі вина 8% 0.75л,259.9
Ром,Напій Oakheart Original на основі рому 35% 0.5л,299.91
Ром,Напій Oakheart Original на основі рому 35% 0.7л,399.9
Ром,Напій Oakheart Original на основі рому 35% 1л,509.0
Пиво,Напій Revo сл/алк сил/газ енергетичний 8-8.5% 0.5л ж/б,41.4
Ром,Напій алкогольний Captain Morgan Mango&Pineapple 25% 0.7л,439.0
Бренді,Напій алкогольний Metaxa 5* 38% 0.5л,442.9
Бренді,Напій алкогольний Metaxa 5* 38% 0.7л,599.0
Бренді,Напій алкогольний Metaxa 7* 40% 0.7л,888.0
Бренді,Напій алкогольний Metaxa Honey Shot 30% 0.7л,575.0
Горілка,Напій алкогольний Stolichnaya Stoli Cucumber 37.5% 0.7л,366.9
Вино,Напій безалкогольний D`Artigny Грейпфрут 750мл,161.81
Вино,Напій безалкогольний D`Artigny Чорна смородина 750 мл,161.81
Сир,Сир Maestro Маасдам 45% кг,369.9
Свинина,Лопаткова частина свинини боковий кусок охолоджена,149.9
Свинина,Грудинка свиняча охолоджена,159.9
"Йогурти та десерти",Йогурт Галичина Карпатський полуниця питний 2.2% 300г,23.5
Пиво,Напій безалкогольний Shake Coctails Bitter Lemon 330мл,14.27
Пиво,Напій безалкогольний Shake Hugo сильногазов 330мл,14.27
Пиво,Напій безалкогольний Shake Sparkling Strawberry с/газ 330мл,14.27
"Слабоалкогольні напої",Напій слабоалкогольний Shake Cocktails Bora Bora 7% 0.33л,27.69
"Слабоалкогольні напої",Напій слабоалкогольний Shake CocktailsSexx ontheBeach7%0.33л,27.9
Пиво,Напій слабоалкогольний Shake Sexx on the Beach 7% 0.5л,39.2
Пиво,Напій слабоалкогольний енергетичний Revo Cherry 8-8.5% 0.5л,41.4
Пиво,Напій слабоалкогольний Оболонь Бренді Кола 8% 0.33л,29.3
Пиво,Напій слабоалкогольний Оболонь Бренді Кола 8% 0.5л,38.2
Пиво,Напій слабоалкогольний Оболонь Водка Лайм с/газ 8% 12x0.33л,333.9
Пиво,Напій слабоалкогольний Оболонь Джин тонік 8% 0.5л,38.2
Пиво,Напій слабоалкогольний Оболонь Ром Кола 8% 0.33л,29.3
Пиво,Напій слабоалкогольний Оболонь Ром Кола 8% 0.5л,38.2
Настоянки,Настоянка Angostura Orange Bitters 28% 100мл,575.0
Настоянки,Настоянка Becherovka Lemond лікерна на травах 20% 1л,518.99
Сир,Сир Maestro Маасдам 45% кг,369.9
Свинина,Лопаткова частина свинини боковий кусок охолоджена,149.9
Свинина,Грудинка свиняча охолоджена,159.9
"Йогурти та десерти",Йогурт Галичина Карпатський полуниця питний 2.2% 300г,23.5
Настоянки,Настоянка Becherovka Original лікерна на травах 38% 0.5л,318.99
Настоянки,Настоянка Becherovka Original лікерна на травах 38% 0.7л,429.0
Настоянки,Настоянка Becherovka Original лікерна на травах 38% 1л,589.0
Горілка,Настоянка Nemiroff Українська Медова з перцем 40% 0.5л,122.9
Абсент,Настоянка Xenta Absenta 70% 0.5л,635.0
Пиво,Пиво Amstel світле фільтроване пастеризоване 5% 0.5л,31.9
Пиво,Пиво Amstel світле фільтроване пастеризоване 5% 0.5л,29.9
Пиво,Пиво Bavaria Apple світле фільтроване 0% 0.33л,47.57
Пиво,Пиво Bavaria Fruity Rose фільтроване 0% 0.25л,38.01
Пиво,Пиво Bavaria Premium Original світле фільтров 0% 0.33л ж/б,21.4
Пиво,Пиво Bavaria Premium світле фільтроване 5% 0.5л ж/б,39.9
Пиво,Пиво Beck`s свiтле 0.5л,33.5
Пиво,Пиво Boddingtons Pub ale світле пастеризоване 4.6% 0.5л,70.01
Пиво,Пиво Budweiser Budvar Бочкове світле фільтроване 4% 0.5л ж/б,46.59
Пиво,Пиво Budweiser Budvar світле 5% 0.5л,64.9
Сир,Сир Maestro Маасдам 45% кг,369.9
Свинина,Лопаткова частина свинини боковий кусок охолоджена,149.9
Свинина,Грудинка свиняча охолоджена,159.9
"Йогурти та десерти",Йогурт Галичина Карпатський полуниця питний 2.2% 300г,23.5
Пиво,Пиво Budweiser Budvar світле пастеризоване 5% 0.33л,52.89
Пиво,Пиво Budweiser Budvar світле пастеризоване 5% 5л,769.0
Пиво,Пиво Carlsberg Pilsner Export світле 5.4% 0.45л,31.9
Пиво,Пиво Carlsberg Pilsner Export світле 5.4% 0.5л,31.9
Пиво,Пиво Carlsberg Pilsner світле пастеризоване 0.5% 0.5л,35.3
Пиво,Пиво Carlsberg Premium Pilsner світле пастеризоване 5% 0.5л,32.21
Пиво,Пиво Carlsberg світле безалкогольне 0% 0.45л,35.3
Пиво,Пиво Corona Extra світле пастеризоване 4.5% 0.33л,49.9
Пиво,Пиво DAB Dortmunder Export світле фільтроване 5% 500мл ж/б,44.89
Пиво,Пиво DAB світле пшеничне пастеризоване 4.8% 0.5л,38.2
Пиво,Пиво DAB темне фільтроване пастеризоване 4.9% 0.5л,38.2
Пиво,Пиво Erdinger Dunkel темне нефільтроване 5.6% 0.5л,89.9
Пиво,Пиво Erdinger Oktoberfest світле 5.7% 0.5л,89.9
Пиво,Пиво Estrella Damm Barcelona світле 4.6% 0.5л,57.9
Пиво,Пиво Flensburger Dunkel темне пастеризоване 4.8% 0.33л,99.91
Сир,Сир Maestro Маасдам 45% кг,369.9
Свинина,Лопаткова частина свинини боковий кусок охолоджена,149.9
Свинина,Грудинка свиняча охолоджена,159.9
"Йогурти та десерти",Йогурт Галичина Карпатський полуниця питний 2.2% 300г,23.5
Пиво,Пиво Flensburger Pilsner світле пастеризоване 4.8% 0.33л,99.91
Пиво,Пиво Flensburger Weizen світле нефільтроване 5.1% 0.33л,99.91
Пиво,Пиво Franziskaner Premium Weissbier Dunkel темне 5% 0.5л,82.61
Пиво,Пиво Germanarich 6% 0.5л скло,29.9
Пиво,Пиво Grimbergen Blanche світле пастеризоване 6% 0.33л,49.9
Пиво,Пиво Grimbergen Blonde світле пастеризоване 6.7% 0.33л,49.9
Пиво,Пиво Grimbergen Double Ambree Rich&Malty 6.5% 0.5л,65.49
Пиво,Пиво Grimbergen Double Ambree темне 6.5% 0.33л,49.9
Пиво,Пиво Guinness Draught темне пастеризоване 4.2% 0.44л,99.5
Пиво,Пиво Hacker-Pschorr Munchner Gold світле 5.5% 0.5л,69.9
Пиво,Пиво Heineken світле фільтроване пастеризоване 5% 0.5л,45.3
Пиво,Пиво Heineken світле фільтроване пастеризоване 5% 0.5л,43.9
Пиво,Пиво Hike Premium світле пастеризоване 4.8% 0.5л,27.9
Пиво,Пиво Hoegaarden Blanche світле пастеризоване 4.9% 0.5л,80.5
Пиво,Пиво Hoegaarden Rosee світле безалкогольне 0.05% 0.33л 24 од.,48.5
Сир,Сир Maestro Маасдам 45% кг,369.9
Свинина,Лопаткова частина свинини боковий кусок охолоджена,149.9
Свинина,Грудинка свиняча охолоджена,159.9
"Йогурти та десерти",Йогурт Галичина Карпатський полуниця питний 2.2% 300г,23.5
Пиво,Пиво Hoegaarden Wit Blanche світле нефільтроване 4.9% 0.33л,59.9
Пиво,Пиво Hoegaarden Вlanche світле пастеризоване 4.9% 0.75л,139.9
Пиво,Пиво Hoegaarden світле пастеризоване 0.05% 0.33л,48.5
Пиво,Пиво Hofbrau Munchen Oktoberfest 6.3% 0.5л,115.89
Пиво,Пиво Holsten Pilsener світле пастеризоване 4.7% 0.48л,25.91
Пиво,Пиво Holsten Pilsener світле пастеризоване 4.7% 1.12л,52.89
Пиво,Пиво Holsten Pilsener світле пастеризоване 4.7% 1.96л,65.9
Пиво,Пиво Kalnapilis Grand Select світле 5.4% 0.568л,47.91
Пиво,Пиво Kalnapilis Pilsner світле пастеризоване 4.6% 0.568л,47.91
Пиво,Пиво Kalnapilis White Select світле нефільтров 5% 0.568л ж/б,47.91
Пиво,Пиво Krombacher Hell светлое фильтрованное 5% 500мл ж/б,47.91
Пиво,Пиво Krombacher Pils безалкогольне фільтроване 0% 0.5л ж/б,39.9
Пиво,Пиво Krombacher Pils світле фільтроване 4.8% 5л ж/б,669.0
Пиво,Пиво Krombacher Pils світле фільтроване пастерbp 4.8% 500мл,47.91
Пиво,Пиво Krombacher Weizen пшеничне нефільтрован 5.3% 500мл ж/б,47.91
Свинина,Шийна частина свинини охолоджена,184.9
"Сир кисломолочний",Сир кисломолочний Metro Chef 9% 350г,47.8
"Макаронні вироби",Локшина Metro Chef соба 1.05кг,89.9
"Сир кисломолочний",Сир кисломолочний Metro Chef 5% 350г,43.7
Пиво,Пиво Kronenbourg 1664 Blanc пшеничне світле 4.8% 0.5л ж/б,46.59
Пиво,Пиво Kronenbourg 1664 Blanc світле пастеризоване 4.8% 0.33л,24.49
Пиво,Пиво Krusovice Cerne темне фільтроване 3.8% 0.5л,32.9
Пиво,Пиво Krusovice Kralovske Cerne темне 3.8% 0.5л,36.8
Пиво,Пиво Krusovice Kralovske Svetle світле 4.2% 0.5л,36.8
Пиво,Пиво Krusovice Kralovske Svetle світле 4.2% 0.5л,32.9
Пиво,Пиво Lander Bräu Premium світле фільтроване 4.9% 500мл ж/б,33.89
Пиво,Пиво Lander Bräu Strong світле фільтроване 7.9% 500мл ж/б,33.89
Пиво,Пиво Leffe Blond світле пастеризоване 6.6% 0.33л,59.9
Пиво,Пиво Leffe Blond світле пастеризоване 6.6% 0.5л,82.61
Пиво,Пиво Leffe Bruin темне пастеризоване 6.5% 0.5л,82.61
Пиво,Пиво Leffe Brune темне пастеризоване 6.5% 0.33л,59.9
Пиво,Пиво Leffe Brune темне пастеризоване 6.5% 0.75л,122.9
Пиво,Пиво Löwenbräu Original світле пастеризоване 5.2% 0.33л,59.6
Пиво,Пиво Löwenbräu Original світле пастеризоване 5.2% 0.5л,89.5
Свинина,Шийна частина свинини охолоджена,184.9
"Сир кисломолочний",Сир кисломолочний Metro Chef 9% 350г,47.8
"Макаронні вироби",Локшина Metro Chef соба 1.05кг,89.9
"Сир кисломолочний",Сир кисломолочний Metro Chef 5% 350г,43.7
Пиво,Пиво Löwen Weisse Hefe-Weissbier світле 5.2% 0.5л,85.5
Пиво,Пиво New Yorker світле пастеризоване 4.5% 0.33л,56.9
Пиво,Пиво Old Prague світле солодове фільтроване 4.8% 0.5л ж/б,36.2
Пиво,Пиво Old Prague темне солодове фільтроване 4.4% 0.5л ж/б,36.2
Пиво,Пиво Paulaner Hefe-Weisbier світле безалкогольне 0.5% 0.5л,78.9
Пиво,Пиво Paulaner Hefe-Weissbier Dunkel темне 5.3% 0.5л,69.9
Пиво,Пиво Paulaner Hefe-Weissbier світле нефільтроване 5.5% 0.5л,89.9
Пиво,Пиво Paulaner Hefe-Weissbier світле нефільтроване 5.5% 0.5л,69.5
Пиво,Пиво Paulaner Hefe-Weissbier світле нефільтроване 5.5% 5л,999.0
Пиво,Пиво Paulaner Original Münchner Hell світле 4.9% 0.5л,89.9
Пиво,Пиво Paulaner Original Münchner Hell світле 4.9% 0.5л,69.5
Пиво,Пиво Pilsner Urquell світле пастеризоване 4.4% 0.5л,59.9
Пиво,Пиво Pubster світле пастеризоване 5% 0.5л,29.3
Пиво,Пиво Seth&Riley`s Garage Fun Zero №0 Grapefruit 0.5% 0.5л,32.9
Пиво,Пиво Seth&Riley`s Garage Fun Zero №0 Lime світле 0.5% 0.5л,32.9
Свинина,Шийна частина свинини охолоджена,184.9
"Сир кисломолочний",Сир кисломолочний Metro Chef 9% 350г,47.8
"Макаронні вироби",Локшина Metro Chef соба 1.05кг,89.9
"Сир кисломолочний",Сир кисломолочний Metro Chef 5% 350г,43.7
Пиво,Пиво Seth&Riley`s Garage Granny`s anti-compote 4.6% 0.44л,32.7
Пиво,Пиво Seth&Riley`s Garage Hardcore Spritz&More 6% 0.5л,35.31
Пиво,Пиво Seth&Riley`s Garage Lemon світле 4.6% 0.5л,35.2
Пиво,Пиво Spaten Münchner Hell світле пастеризоване 5.2% 0.5л,88.5
Пиво,Пиво Spaten Münchner Hell світле пастеризоване 5.2% 0.5л,72.4
Пиво,Пиво Star of Pilsen Lager світле пастеризов 4.7% 500мл ж/б,38.9
Пиво,Пиво Tuborg Green світле пастеризоване 4.6% 0.5л,28.2
Пиво,Пиво Tuborg Green світле пастеризоване 4.6% 0.5л,28.4
Пиво,Пиво Volfas Engelman APA світле фільтроване 5% 0.568л,53.5
Пиво,Пиво Volfas Engelman Balta Pinta пшеничне світл 5% 568мл ж/б,42.9
Пиво,Пиво Volfas Engelman Blanc пшеничне 5% 568мл ж/б,44.89
Пиво,Пиво Volfas Engelman Bohemijos темне фільтров 4.2% 568мл ж/б,42.9
Пиво,Пиво Volfas Engelman IPA світле фільтроване 6% 568мл ж/б,54.5
Пиво,Пиво Volfas Engelman Tradiciskas світле фільтр 6% 568мл ж/б,42.9
Пиво,Пиво Waissburg біле нефільтроване 4.7% 0.5л,29.9
Свинина,Шийна частина свинини охолоджена,184.9
"Сир кисломолочний",Сир кисломолочний Metro Chef 9% 350г,47.8
"Макаронні вироби",Локшина Metro Chef соба 1.05кг,89.9
"Сир кисломолочний",Сир кисломолочний Metro Chef 5% 350г,43.7
Пиво,Пиво Warsteiner Fresh безалкогольне світле 0.05% 0.33л,61.8
Пиво,Пиво Warsteiner Premium Beer світле пастеризоване 4.8% 0.5л,73.7
Пиво,Пиво Weissbeer св 4.7% Lander Bräu 500мл,33.89
Пиво,Пиво Xibeca Damm Cervesa Suau світ фільтр пастер 4.6% 0.33л,37.7
Пиво,Пиво Zibert Lagerbier світле пастеризоване 4.4% 0.5л,24.9
Пиво,Пиво Арсенал Міцне світле пастеризоване 8% 1.25л,51.7
Пиво,Пиво Бад свiтле 0.5л,36.2
Пиво,Пиво Бекс безалкогольне 0.355л,32.3
Пиво,Пиво Бердичівське Лагер світле непастеризоване 3.8% 1л,53.8
Пиво,Пиво Бердичівське Пшеничне світле непастеризоване 4.5% 0.5л,34.9
Пиво,Пиво Бердичівське Пшеничне світле непастеризоване 4.5% 1л,50.2
Пиво,Пиво Десант Екстраміцне 8% 1.25л,54.91
Пиво,Пиво Жигулівське світле 11% 2.4л,78.5
Пиво,Пиво Жигулівське світле пастеризоване 4.5% 1.25л,48.5
Пиво,Пиво Жигулівське світле пастеризоване 4.8% 1.48л,64.9
Свинина,Шийна частина свинини охолоджена,184.9
"Сир кисломолочний",Сир кисломолочний Metro Chef 9% 350г,47.8
"Макаронні вироби",Локшина Metro Chef соба 1.05кг,89.9
"Сир кисломолочний",Сир кисломолочний Metro Chef 5% 350г,43.7
Пиво,Пиво Закарпатське Оригінальне світле 4.4% 0.5л,28.8
Пиво,Пиво Закарпатське Оригінальне світле фільтров 4.4% 1.2л,49.9
Пиво,Пиво Закарпатське Оригінальне світле фільтроване 4.4% 2л,74.89
Пиво,Пиво Львівське 1715 cвітле пастеризоване 4.7% 2.3л,73.9
Пиво,Пиво Львівське 1715 Безалкогольне №0 світле 0.5% 0.45л,28.8
Пиво,Пиво Львівське 1715 Безалкогольне №0 світле 0.5% 0.48л,28.5
Пиво,Пиво Львівське 1715 світле 4.7% 0.45л,25.91
Пиво,Пиво Львівське 1715 світле пастериз 4.7% 0.5л,24.7
Пиво,Пиво Львівське Lwiwske Eksportowe світле пастериз 5.5% 0.5л,28.2
Пиво,Пиво Львівське Лев Темне темне пастеризоване 4.7% 0.5л,29.3
Пиво,Пиво Львівське М`яке світле пастеризоване 4.2% 0.45л,31.2
Пиво,Пиво Львівське М`яке світле пастеризоване 4.2% 1.15л,51.9
Пиво,Пиво Львівське світле пастеризоване 4.5% 0.5л,23.1
Пиво,Пиво Львівське Світле пастеризоване 4.5% 0.5л,21.29
Пиво,Пиво Львівське Світле пастеризоване 4.5% 1.25л,46.8
Свинина,Шийна частина свинини охолоджена,184.9
"Сир кисломолочний",Сир кисломолочний Metro Chef 9% 350г,47.8
"Макаронні вироби",Локшина Metro Chef соба 1.05кг,89.9
"Сир кисломолочний",Сир кисломолочний Metro Chef 5% 350г,43.7
Пиво,Пиво Львівське світле пастеризоване 4.5% 2.4л,70.5
Пиво,Пиво Львівське світле пастеризоване 4.7% 1.15л,47.7
Пиво,Пиво Оболонь Київське розливне світле 3.8% 1.95л,53.8
Пиво,Пиво Оболонь Світле 0 безалкогольне 0.4% 0.5л,26.2
Пиво,Пиво Оболонь світле пастеризоване 4.5% 0.5л,24.7
Пиво,Пиво Оболонь світле пастеризоване 4.5% 2.35л,70.9
Пиво,Пиво Опілля Біле світле нефільтроване 4% 0.5л,29.9
Пиво,Пиво Опілля Жигулівське світле 4.1% 0.5л,29.3
Пиво,Пиво Опілля Жигулівське світле 4% 1л,44.4
Пиво,Пиво Опілля Корифей світле 3.7% 1л,44.4
Пиво,Пиво Опілля Корифей світле 4.2% 0.5л,29.3
Пиво,Пиво Опілля фірмове світле 5.7% 0.5л,35.6
Пиво,Пиво Перша приватна Броварня Бочкове світле 2л,78.5
Пиво,Пиво Перша приватна броварня Бочкове світле 4.8% 0.5л,24.9
Пиво,Пиво Перша приватна броварня Бочкове світл нефільт 4.8% 0.9л,57.9
Молоко,Молоко Metro Chef питне 2.5 % жиру 900 г,29.9
"Салати і соління",Салат Aro Морква по-корейськи 1000г,89.9
Вершки,Вершки Галичина ультрапастеризовані 10% 500г,43.2
"Макаронні вироби",Локшина Metro Chef соба 210г,19.9
Пиво,Пиво Перша приватна броварня Бочкове світ філ паст 4.8% 0.5л,27.69
Пиво,Пиво Перша приватна броварня Закарпатське світле 4.4% 0.5л,25.91
Пиво,Пиво Перша приватна броварня Свіжий розлив світле 4.8% 0.65л,32.9
Пиво,Пиво Перша приватна броварня Свіжий розлив світле 4.8% 1.2л,49.9
Пиво,Пиво Перша приватна броварня Свіжий розлив світле 4.8% 1.8л,71.79
Пиво,Пиво Перша приватна броварня Тетерів світле 8% 1.2л,53.5
Пиво,Пиво Перша приватна Броварня Чайка Дніпровська 0.5л,25.2
Пиво,Пиво Перша приватна Броварня Чайка Дніпровська 1л,70.9
Пиво,Пиво Сarlsberg Premium pilsner світле 5% 0.45л,32.5
Пиво,Пиво свiтле Бад 0.33л,29.3
Пиво,Пиво свiтле Бад скло 0.33л,29.3
Пиво,Пиво спец Kronenbourg 1664 Blanc світле пастериз 4.8% 0.46л,42.9
Пиво,Пиво спеціальне BeerMix Cherry 2.5% 0.5л,29.9
Пиво,Пиво спеціальне BeerMix Малина пастеризоване 2.5% 0.5л,29.9
Пиво,Пиво спеціальне Grimbergen Blanche світле пастериз 6% 0.5л,64.5
Молоко,Молоко Metro Chef питне 2.5 % жиру 900 г,29.9
"Салати і соління",Салат Aro Морква по-корейськи 1000г,89.9
Вершки,Вершки Галичина ультрапастеризовані 10% 500г,43.2
"Макаронні вироби",Локшина Metro Chef соба 210г,19.9
Пиво,Пиво спеціальне Grimbergen Blonde світле пастер 6.7% 0.5л,65.49
Пиво,Пиво спеціальне Hike Blanche нефільтроване 4.9% 0.5л,27.9
Пиво,Пиво спеціальне Robert Doms Бельгійський світле 4.3% 0.5л,33.5
Пиво,Пиво спеціальне Seth&Riley`s Garage Cherry&More 6% 0.44л,20.06
Пиво,Пиво спеціальне Seth&Riley`s Garage Hard Cherry&More 6% 0.9л,66.81
Пиво,Пиво спеціальне Seth&Riley`s Garage Lemon світле 4.6% 0.44л,34.8
Пиво,Пиво спеціальне Seth&Riley`s Garage Lemon світле 4.6% 0.9л,56.5
Пиво,Пиво спеціальне Seth&Riley`s Garage смак вишні 6% 0.5л,35.31
Пиво,Пиво спеціальне Tuborg Zero №0 Raspberry 0.5% 0.5л,31.2
Пиво,Пиво спеціальне Львівське Лев Біле Пшеничне 5% 1.15л,50.9
Пиво,Пиво спеціальне Львівське П’янкий келих Вишня 7% 0.48л,28.5
Пиво,Пиво спеціальне Оболонь 0 нефільтроване+ світле 0.5% 0.5л,29.6
Пиво,Пиво спеціальне Перша Приватна Броварня Бочкове 4.8% 0.5л,29.9
Пиво,Пиво спеціальне Перша приватна броварня світле 0.5% 0.5л,34.9
Пиво,Пиво спеціальне ППБ Бочкове темне 4.8% 0.5л,29.9
Молоко,Молоко Metro Chef питне 2.5 % жиру 900 г,29.9
"Салати і соління",Салат Aro Морква по-корейськи 1000г,89.9
Вершки,Вершки Галичина ультрапастеризовані 10% 500г,43.2
"Макаронні вироби",Локшина Metro Chef соба 210г,19.9
Пиво,Пиво спеціальне ППБ Бочкове темне 4.8% 0.9л,57.9
Пиво,Пиво спеціальне Славутич Ice Mix Lime світле 3.5% 0.5л,32.5
Пиво,Пиво спеціальне Тетерів Слива 1.2л,51.9
Пиво,Пиво спеціальне Тетерів Хмільна Вишня напівтемне 8% 0.5л,32.21
Пиво,Пиво Стелла Артуа безалкогольне скло 0.33л,33.2
Пиво,Пиво Уманьпиво Жигулівське 1л,44.3
Пиво,Пиво Чайка Чорноморська 0.45л,24.9
Пиво,Пиво Чайка Чорноморська 0.5л,24.9
Пиво,Пиво Чайка Чорноморська 1.45л,52.89
Пиво,Пиво Чернiгiвське свiтле 0.5л,27.9
"Ігристі вина",Просекко Corner Розе екстра сухе 0.75л,349.9
"Ігристі вина",Просеко Valdo marka б/с 1.5л,919.01
Ром,Ром Bacardi Carta Negra темний 40% 0.7л,472.9
Ром,Ром Bacardi Carta Negra темний 40% 1л,655.0
Ром,Ром Bacardi Spiced 40% 0.7л,472.9
Молоко,Молоко Metro Chef питне 2.5 % жиру 900 г,29.9
"Салати і соління",Салат Aro Морква по-корейськи 1000г,89.9
Вершки,Вершки Галичина ультрапастеризовані 10% 500г,43.2
"Макаронні вироби",Локшина Metro Chef соба 210г,19.9
Ром,Ром Bacardi Spiced пряний 40% 1л,655.0
Ром,Ром Captain Morgan Black Spiced 40% 0.7л,639.0
Ром,Ром Captain Morgan Dark 40% 1л,718.99
Ром,Ром Captain Morgan Spiced Gold 35% 0.5л,342.9
Ром,Ром Captain Morgan Spiced Gold 35% 0.7л,435.9
Ром,Ром Captain Morgan Spiced Gold 35% 1л,567.0
Ром,Ром Captain Morgan White 37.5% 0.7л,498.9
Ром,Ром Captain Morgan White 37.5% 1л,548.99
Ром,Ром Havana Club Anejo 7 Anos 40% 0.7л,869.0
Ром,Ром Havana Club Especial 40% 0.7л,529.0
Ром,Ром Zacapa Cent 23 yo 40% 0.7л,2.0
Ром,Ромовий напій Captain Morgan Black Spiced 40% 1л,865.0
"Слабоалкогольні напої",Сидр Somersby Чорниця 4.6% 0.95л,54.8
"Слабоалкогольні напої",Сидр Somersby Яблуко 4.7% 0.5л,35.9
"Слабоалкогольні напої",Сидр Somersby Яблуко солодкий 4.7% 0.5л,35.7
Молоко,Молоко Metro Chef питне 2.5 % жиру 900 г,29.9
"Салати і соління",Салат Aro Морква по-корейськи 1000г,89.9
Вершки,Вершки Галичина ультрапастеризовані 10% 500г,43.2
"Макаронні вироби",Локшина Metro Chef соба 210г,19.9
"Слабоалкогольні напої",Сидр Somersby Яблуко солодкий 4.7% 0.95л,52.5
Текіла,Текіла Don Diego Gold 38% 0.7л,419.9
Текіла,Текіла Don Diego Silver 38% 0.7л,419.9
Текіла,Текіла Jose Cuervo Especial Reposado 38% 0.7л,619.0
Текіла,Текіла Jose Cuervo Especial Silver 38% 0.7л,599.0
Текіла,Текіла Olmeca Blanco 38% 0.7л,679.0
Текіла,Текіла Olmeca Blanco 38% 1л,959.0
Текіла,Текіла Olmeca Gold 38% 0.7л,715.0
Текіла,Текіла Olmeca Gold 38% 1л,989.0
Текіла,Текіла Sierra Reposado 38% 1л,895.0
Текіла,Текіла Sierra Reposado Gold 38% 0.7л,699.0
Текіла,Текіла Sierra Silver 38% 0.7л,669.0
Текіла,Текіла Sierra Silver 38% 1л,849.0
Вино,Французьке сухе вино Grand Vin De Bordeaux 750 мл,494.0
Бренді,Чача Chelti 45% 0.5л,269.9
Молоко,Молоко Metro Chef питне 2.5 % жиру 900 г,29.9
"Салати і соління",Салат Aro Морква по-корейськи 1000г,89.9
Вершки,Вершки Галичина ультрапастеризовані 10% 500г,43.2
"Макаронні вироби",Локшина Metro Chef соба 210г,19.9
Вино,Червоне напівсухе вино Discovery bay Зінфан 0.75мл,199.9
"Ігристі вина",Шампанське Moët&Chandon Imperial біле брют 12% 0.75л,2.0
"Ігристі вина",Шампанське Moët&Chandon Imperial біле брют 12% 0.75л,2.0
"Ігристі вина",Шампанське Monopole Heidsieck Blue Top брют 12.5% 750мл,1.0
"Ігристі вина",Шампанське Monopole Heidsieck Rose Top брют 12.5% 750мл,1.0
"Ігристі вина",Шампанське Pommery Apanage біле брют 12.5% 750мл,2.0
"Ігристі вина",Шампанське Pommery Brut Rose 12.5% 750мл,2.0
"Ігристі вина",Шампанське Veuve Clicquot Ponsardin біле брют 12% 0.75л,2.0
"Ігристі вина",Шампанське Veuve Clicquot біле брют 12% 0.75л,2.0
"Ігристі вина",Шампанське Veuve Pelletier біле брют 12.5% 0.75л,805.0
Пиво,Шейк коктейль Бора Бора напій слабоалкогольний 0.5л 7.0%,39.2
Настоянки,Аперитив Rioba 11% 1л,219.0
Бренді,Бренді Napoleon Chevalier Royal V.S.O.P. 36% 0.7л,279.9
Бренді,Бренді St-Rémy Authentic VSOP 40% 0.5л,344.9
Віскі,Бурбон Bulleit 45% 0.7л,879.0
"Йогурти та десерти",Йогурт Галичина Карпатський полуниця питний 2.2% 300г,23.5
Сир,Сир Metro Chef Едам твердий 45% ваговий,299.9
Сметана,Сметана Галичанська 20% 370г,39.3
Олія,Олія оливкова Cirio Extra Virgin нерафінована 1л,399.9
"Ігристі вина",Винний напій Corte Viola Fragolino Bianco ігрист 8.5% 0.75л,109.8
Вино,Вино Basavin Cabernet Sauvignon червоне сухе 13% 3л,275.9
Вино,Вино Basavin Cabernet червоне сухе 12% 0.75л,91.9
Вино,Вино Basavin Merlot червоне напівсолодке 12% 0.75л,91.9
Вино,Вино Basavin Merlot червоне напівсолодке 12.5% 3л,275.9
Вино,Вино Basavin Sauvignon біле сухе 11% 3л,275.9
Вино,Вино Batuta Tempranillo червоне сухе 12.5% 0.75л,103.9
Вино,Вино Camino de Castilla Вердехо Віура Руеда сх/б 12.5% 0.75л,189.89
Вино,Вино Capeography Cloudscape Sauvignon Blanc сухе 12.5% 0.75л,229.9
Вино,Вино Casa Di Luigi Sauvignon Blanc біле сухе 13% 0.75л,189.89
Вино,Вино Cerro de la Cruz Tinto Seco червоне сухе 11% 0.75л,89.9
Вино,Вино Chamboustin біле напівсолодке 0.75л,114.9
Вино,Вино Chamboustin біле сухе 0.75л,114.9
Вино,Вино Chamboustin червоне напівсолодке 0.75л,114.9
Вино,Вино Chamboustin червоне сухе 0.75л,114.9
"Йогурти та десерти",Йогурт Галичина Карпатський полуниця питний 2.2% 300г,23.5
Сир,Сир Metro Chef Едам твердий 45% ваговий,299.9
Сметана,Сметана Галичанська 20% 370г,39.3
Олія,Олія оливкова Cirio Extra Virgin нерафінована 1л,399.9
Вино,Вино Château de Costis Bordeaux червоне сухе 13% 0.75л,342.9
Вино,Вино Cotnar Muskat Cotnar біле напівсолодке 9-12% 0.75л,86.9
Вино,Вино Cotnar Каберне виноградне сухе червоне 9.5-14% 0.75л,92.6
Вино,Вино Cotnar Мерло червоне напівсолодке 10-12% 0.75л,82.9
Вино,Вино Edition Terroir Совіньйон Блан біле сухе 12% 0.75л,299.91
Вино,Вино Fernway Sauvignon Blanc Marlborough біле сухе 12% 0.75л,349.9
Вино,Вино Fonte Frontini Grillo di Sicilia біле сухе 12.5% 0.75л,127.0
Вино,Вино French Life Grenache-Pinot Noir напівсухе 12.5% 0.75л,189.89
Вино,Вино French Life Vermentino-Colombard н/сух біле 11.5% 0.75л,189.89
Вино,Вино IL Gran Paese біле напівсухе 5л,529.0
Вино,Вино Insolito Тінто червоне сухе 0.75л,199.0
Вино,Вино Jean Degaves Bordeaux Rouge червоне сухе 12.5% 0.75л,206.0
Вино,Вино J.P. Chenet Colombard-Chardonnay біле сухе 11% 0.75л,309.9
Вино,Вино La Joue du Roy Pouilly-Fuisse біле сухе 13% 0.75л,769.9
Вино,Вино Le Colline dei Filari Rosato Venezie рож сухе11.5%0.75л,139.9
"Йогурти та десерти",Йогурт Галичина Карпатський полуниця питний 2.2% 300г,23.5
Сир,Сир Metro Chef Едам твердий 45% ваговий,299.9
Сметана,Сметана Галичанська 20% 370г,39.3
Олія,Олія оливкова Cirio Extra Virgin нерафінована 1л,399.9
Вино,Вино Le Colline dei Filari Sauvignon Igt delle Venez12%0.75л,184.91
Вино,Вино Les Haytieres Terres du Midi рожеве сухе 12% 0.75л,165.9
Вино,Вино Medusa Albarino біле сухе 13% 0.75л,329.91
Вино,Вино Montelciego Гран Резерва червоне сухе 0.75л,518.99
Вино,Вино Ribeaupierre Syrah Rouge червоне сухе 13% 0.75л,169.9
Вино,Вино Shabo Reserve Saperavi червоне сухе 13.2% 0.75л,216.9
Вино,Вино Suro Алазанська долина червоне напівсолодке 0.75л,179.9
Вино,Вино Suro Мукузані червоне сухе 13% 0.75л,239.9
Вино,Вино The Big Top Chardonnay біле сухе 13% 0.75л,289.9
Вино,Вино The Big Top Red Zinfandel червоне напівсухе 14% 0.75л,299.91
Вино,Вино The Big Top White Zinfandel рожеве напівсухе 11% 0.75л,299.91
Вино,Вино Thomas Rath Muller-Thurgau Рислінг 1л,185.9
Вино,Вино Thomas Rath Riesling Halbtrocken біле напівсухе 12% 1л,185.9
Вино,Вино Turno de Noche Malbec червоне сухе 14% 0.75л,279.9
"Ігристі вина",Вино Valmarone Lambrusco dell` Emilia біле напівсол 8% 0.75л,119.9
"Йогурти та десерти",Йогурт Галичина Карпатський полуниця питний 2.2% 300г,23.5
Сир,Сир Metro Chef Едам твердий 45% ваговий,299.9
Сметана,Сметана Галичанська 20% 370г,39.3
Олія,Олія оливкова Cirio Extra Virgin нерафінована 1л,399.9
Вино,Вино Вина Гулієвих Chardonnay Select біле сухе 13%0.7л,114.9
Вино,Вино Вина Гулієвих Select Cabernet червоне сухе 13% 0.75л,114.9
"Ігристі вина",Вино ігристе Ca` Ernesto Millesimato біле брют 11.5% 0.75л,196.01
"Ігристі вина",Вино ігристе Cava Visiega Rosado рожеве брют 12% 0.75л,289.01
"Ігристі вина",Вино ігристе Corner Prosecco DOCG Valdobbiadene 11% 0.75л,349.9
"Ігристі вина",Вино ігристе Ernesto Millesimato біле екстра сухе 11% 0.75л,196.01
"Ігристі вина",Вино ігристе Mondoro Prosecco біле екстра-сухе 11% 0.75л,434.9
"Ігристі вина",Вино ігристе Mondoro Асті біле солодке 7.5% 0.75л,365.9
Вино,Вино кріплене Don Pablo Tawny червоне солодке 19%0.75л,273.0
Віскі,Віскі Aberfeldy 12 років 40% 700мл,1.0
Віскі,Віскі Ballantines Finest купажоване 40% 0.05л,59.9
Віскі,Віскі Bell`s Original шотландський купажований 40% 1л,518.99
Віскі,Віскі Charles House 40% 1л,379.9
Віскі,Віскі Chivas Regal 12 YO 40% 0.05л,113.9
Віскі,Віскі Jack Daniel`s 40% 0.05л,73.5
"Йогурти та десерти",Йогурт Галичина Карпатський полуниця питний 2.2% 300г,23.5
Сир,Сир Metro Chef Едам твердий 45% ваговий,299.9
Сметана,Сметана Галичанська 20% 370г,39.3
Олія,Олія оливкова Cirio Extra Virgin нерафінована 1л,399.9
Віскі,Віскі Jack Daniel`s 40% 3л,3.0
Віскі,Віскі Jameson ірландське 40% 0.05л,75.5
Джин,Джин Beefeater London 40% 0.05л,59.9
Джин,Джин Bombay Sapphire 47% 1л,856.01
Джин,Джин Finsbury Platinum 47% 0.7л,629.0
Джин,Джин Lion Heart 37.5% 0.7л,235.0
Джин,Джин Lion Heart 37.5% 1л,335.89
Джин,Джин Tanqueray London Dry Gin 47.3% 1л,955.0
Вино,Ігристе вино Fratelli Frizzante Rosato рожеве сухе 5% 0.75л,151.0
"Ігристі вина",Ігристе вино Visiega Cava Брют 11.5% 0.75л,265.0
"Ігристі вина",Ігристе вино Visiega Cava Брют біле 8% 0.75л,369.0
Бренді,Коньяк Areni Armenian 3 years 40% 0.5л,199.9
Бренді,Коньяк Areni Armenian 5 years 40% 0.5л,228.9
Коньяк,Коньяк Martell VS 40% 0.05л,117.5
Лікери,Лікер Bardinet кокос 16% 0.7л,345.0
"Йогурти та десерти",Йогурт Галичина Карпатський полуниця питний 2.2% 300г,23.5
Сир,Сир Metro Chef Едам твердий 45% ваговий,299.9
Сметана,Сметана Галичанська 20% 370г,39.3
Олія,Олія оливкова Cirio Extra Virgin нерафінована 1л,399.9
Лікери,Лікер Bardinet курас блю 24% 0.7л,345.0
Лікери,Лікер Bardinet тріпл сек 40% 0.7л,385.01
Лікери,Лікер Charles House Cream Liqueur 17% 0.7л,209.9
Настоянки,Лікер Jagermeister 35% 1.75л,1.0
Віскі,Лікер Jim Beam Apple міцний 32.5% 0.7л,699.0
Лікери,Лікер Madruzzo Amaretto мигдальний 21% 0.7л,149.9
Джин,Напій алкогол Gordon`s Premium Pink на основі джину 37.5% 1л,739.0
Бренді,Напій алкогольний Metaxa 5* 38% 1л,795.0
Вино,Напій винний Picnic Глінтвейн класичний 6.5% 1л,55.91
Пиво,Напій слабоалкогольний Оболонь Джин тонік 8% 0.33л,29.3
Настоянки,Настоянка Angostura Aromatic Bitters 44.7% 200мл,969.0
Настоянки,Настоянка Becherovka Original лікерна на травах 38% 0.05л,54.9
Абсент,Настоянка Xenta Absenta 70% 1л,1.0
Пиво,Пиво Clausthaler Lemon без/алк нефільтроване 0.17% 0.33л,40.8
Пиво,Пиво Clausthaler без/алк нефільтров пастеризоване 0.4% 0.33л,40.8
Яйця,Яйця Квочка Домашні курячі С0 10шт/уп,78.4
Соуси,Соус Aro томатний для піци 4100г,309.9
"Сир кисломолочний",Сир кисломолочний Metro Chef 5% 350г,43.7
"Сир кисломолочний",Сир кисломолочний Metro Chef 9% 350г,47.8
Пиво,Пиво Estrella Damm Lager світле cкло 0.5л 4.6%,75.9
Пиво,Пиво Estrella Free Damm б/а з/б 0.33л,20.06
Пиво,Пиво Franziskaner Premium Weissbier Naturtrüb світле 5% 0.5л,82.61
Пиво,Пиво Hike light 3.5% 0.5л,32.9
Пиво,Пиво Hike Premium світле пастеризоване 4.8% 0.5л,27.9
Пиво,Пиво Leffe Blond світле пастеризоване 6.6% 0.75л,122.9
Пиво,Пиво Paderborner Pilger світле нефільтроване 5% 0.5л,48.9
Пиво,Пиво Pilsner Urquell світле 4.4% 0.33л,52.89
Пиво,Пиво Pilsner Urquell світле пастеризоване 4% 0.5л,80.5
Пиво,Пиво Primator 13 Polotmavy напівтемне 5.5% 0.5л,49.9
Пиво,Пиво Primator Dark Lager темне пастеризоване 4.5% 0.5л,49.9
Пиво,Пиво Primator EPA English Pale Ale світле 5% 0.5л,49.9
Пиво,Пиво Primator Premium Lager світле пастеризоване 5% 0.5л,49.9
Пиво,Пиво Primator Stout Irish Style темне 4.7% 0.5л,49.9
Пиво,Пиво Zibert світле 4.4% 1.15л,42.9
Яйця,Яйця Квочка Домашні курячі С0 10шт/уп,78.4
Соуси,Соус Aro томатний для піци 4100г,309.9
"Сир кисломолочний",Сир кисломолочний Metro Chef 5% 350г,43.7
"Сир кисломолочний",Сир кисломолочний Metro Chef 9% 350г,47.8
